seed,smiles,method,n_atoms,sanity_spearman,auc_attr,auc_random,gap,faithful,agreement
0,COc1ccc(COC(=O)C(C)C)cc1,attention,15,0.8964285714285712,0.7058403417468071,0.7454936851747334,0.03965334342792626,False,
0,COc1ccc(COC(=O)C(C)C)cc1,integrated_gradients,15,-0.1928571428571428,0.6074046529829502,0.7454936851747334,0.13808903219178315,True,0.1464285714285714
0,CCOC(=O)C=Cc1ccccc1,attention,13,0.7950488951876541,0.8394915035792759,0.8736204368727549,0.03412893329347899,True,
0,CCOC(=O)C=Cc1ccccc1,integrated_gradients,13,0.4010989010989011,0.7898254522255489,0.8736204368727549,0.08379498464720603,True,0.41208791208791207
0,Cc1cc(CC(C)C)ccc1CCC=O,attention,15,0.9320214669051878,0.8543452173471451,0.8950433062389493,0.04069808889180426,True,
0,Cc1cc(CC(C)C)ccc1CCC=O,integrated_gradients,15,0.846153846153846,0.8281781747937202,0.8950433062389493,0.0668651314452291,True,0.9105545617173524
0,CCCCOC(=O)c1ccc(O)c(OC)c1,attention,16,0.7647058823529411,0.7722438889391282,0.7904586385278141,0.018214749588685852,False,
0,CCCCOC(=O)c1ccc(O)c(OC)c1,integrated_gradients,16,-0.37058823529411766,0.6693189634996302,0.7904586385278141,0.1211396750281839,True,-0.2029411764705882
0,CC=CC(=O)OC(C)(C)Cc1ccccc1,attention,16,0.9290989660265878,0.7562569625237409,0.799099356286666,0.04284239376292509,True,
0,CC=CC(=O)OC(C)(C)Cc1ccccc1,integrated_gradients,16,0.6691285081240768,0.7073807435877183,0.799099356286666,0.09171861269894765,True,0.7991137370753323
0,C=C(C)C1CCC(C)CC1=O,attention,11,0.8545454545454546,0.6842475831508636,0.7892167856295903,0.10496920247872665,True,
0,C=C(C)C1CCC(C)CC1=O,integrated_gradients,11,0.10909090909090911,0.706980566183726,0.7892167856295903,0.08223621944586434,True,0.4090909090909091
0,CCCOC(=O)C=Cc1ccccc1,attention,14,0.7890109890109891,0.8164067308108012,0.8459309381246568,0.029524207313855633,True,
0,CCCOC(=O)C=Cc1ccccc1,integrated_gradients,14,0.45054945054945056,0.7650075276692708,0.8459309381246568,0.08092341045538598,True,0.21318681318681318
0,CC(C)CC=C(C=O)c1ccccc1,attention,14,0.9779735682819384,0.8364855925242106,0.8823247297604878,0.045839137236277194,True,
0,CC(C)CC=C(C=O)c1ccccc1,integrated_gradients,14,0.8546255506607929,0.8122336506843567,0.8823247297604878,0.0700910790761311,True,0.6651982378854626
0,CC(C)c1ccc(CCC=O)cc1,attention,13,0.8512396694214877,0.8740097454616002,0.9084423648459572,0.034432619384357044,True,
0,CC(C)c1ccc(CCC=O)cc1,integrated_gradients,13,0.8181818181818182,0.794409977538245,0.9084423648459572,0.11403238730771215,True,0.6528925619834711
0,CCC(=O)c1cc(OC)c(O)c(OC)c1,attention,15,0.8285714285714284,0.8736186325550079,0.8855435222387313,0.011924889683723405,False,
0,CCC(=O)c1cc(OC)c(O)c(OC)c1,integrated_gradients,15,-0.5071428571428571,0.780940655618906,0.8855435222387313,0.10460286661982532,True,-0.23928571428571427
0,CC(C)(C)C1CCCCC1=O,attention,11,0.888888888888889,0.6618097374836603,0.7813217634956043,0.119512026011944,True,
0,CC(C)(C)C1CCCCC1=O,integrated_gradients,11,0.8703703703703702,0.6557441552480062,0.7813217634956043,0.12557760824759812,True,0.8703703703703702
0,COc1ccc(CO)cc1OC,attention,12,0.7342657342657343,0.748471525999216,0.8073044877785902,0.05883296177937425,True,
0,COc1ccc(CO)cc1OC,integrated_gradients,12,-0.09090909090909093,0.7199849578050467,0.8073044877785902,0.08731952997354353,True,0.7482517482517484
0,CCCCCCCC1(C(=O)O)CC1,attention,13,0.7197802197802198,0.8703526897089822,0.8639637389353341,-0.006388950773648094,False,
0,CCCCCCCC1(C(=O)O)CC1,integrated_gradients,13,-0.2802197802197803,0.8149035232407706,0.8639637389353341,0.049060215694563425,True,0.23076923076923078
0,CCc1ccc(CC=COC)cc1,attention,13,0.9546088810730656,0.8105842130524772,0.870448406466416,0.05986419341393878,True,
0,CCc1ccc(CC=COC)cc1,integrated_gradients,13,0.7472527472527472,0.797616503068379,0.870448406466416,0.07283190339803702,True,0.4010989010989011
0,CCC(CC)C(=O)N(C)c1cccc(C)c1,attention,16,0.8938053097345132,0.8831477691145504,0.9143227096866159,0.03117494057206549,True,
0,CCC(CC)C(=O)N(C)c1cccc(C)c1,integrated_gradients,16,0.5722713864306783,0.8734712144907784,0.9143227096866159,0.04085149519583753,True,0.6106194690265485
0,Cc1ccc(O)cc1,attention,8,0.5952380952380953,0.8721587922837999,0.8883262395858764,0.016167447302076532,False,
0,Cc1ccc(O)cc1,integrated_gradients,8,0.14285714285714288,0.8691189686457316,0.8883262395858764,0.01920727094014485,True,0.5714285714285715
0,CCC1=C(C)C(=O)CC(C)C1CC,attention,13,0.9175824175824175,0.7385644146374294,0.8251822914396014,0.08661787680217203,True,
0,CCC1=C(C)C(=O)CC(C)C1CC,integrated_gradients,13,0.2087912087912088,0.7553964810711997,0.8251822914396014,0.0697858103684017,True,0.35714285714285715
0,CC(=O)OC1CC2CC1C1CCCC21,attention,14,0.9252747252747253,0.8206323544184367,0.8582055238882701,0.037573169469833356,True,
0,CC(=O)OC1CC2CC1C1CCCC21,integrated_gradients,14,0.7494505494505495,0.7867006818453471,0.8582055238882701,0.07150484204292296,True,0.6439560439560439
0,CC1CC(C)c2nccnc21,attention,11,0.7767441860465116,0.8454601665337881,0.9008417345583437,0.05538156802455563,True,
0,CC1CC(C)c2nccnc21,integrated_gradients,11,-0.09767441860465118,0.7829565157492956,0.9008417345583437,0.11788521880904812,True,0.27441860465116286
0,c1ccc2c(c1)CCCN2,attention,10,0.4424242424242424,0.9138914725997231,0.9410405419089578,0.027149069309234664,True,
0,c1ccc2c(c1)CCCN2,integrated_gradients,10,-0.01818181818181818,0.8850354985757307,0.9410405419089578,0.05600504333322709,True,0.01818181818181818
0,CC1CCC(=O)C1=O,attention,8,0.880952380952381,0.8372862670156691,0.8649722688727908,0.027686001857121667,False,
0,CC1CCC(=O)C1=O,integrated_gradients,8,0.07142857142857144,0.7486640744739108,0.8649722688727908,0.11630819439887996,True,0.3333333333333334
0,COc1cc(CCC(C)=O)ccc1O,attention,14,0.7142857142857143,0.78636181751887,0.8484880093733469,0.062126191854476875,True,
0,COc1cc(CCC(C)=O)ccc1O,integrated_gradients,14,-0.3450549450549451,0.7429040789604187,0.8484880093733469,0.10558393041292824,True,0.21318681318681318
0,CCOC(=O)c1ccccc1CO,attention,13,0.6483516483516483,0.7676703078406197,0.7957543988312994,0.028084090990679655,False,
0,CCOC(=O)c1ccccc1CO,integrated_gradients,13,-0.17032967032967034,0.7066366629941123,0.7957543988312994,0.08911773583718707,True,0.5
0,CCOC(=O)CC(=O)c1ccccc1,attention,14,0.8241758241758241,0.7288280646006267,0.7918828709920247,0.06305480639139804,True,
0,CCOC(=O)CC(=O)c1ccccc1,integrated_gradients,14,0.04615384615384615,0.6914209524790446,0.7918828709920247,0.10046191851298014,True,0.3186813186813187
0,CC1(C)C2CCC(CS)C1C2,attention,11,0.8812785388127855,0.799421414732933,0.8513664570947487,0.05194504236181563,True,
0,CC1(C)C2CCC(CS)C1C2,integrated_gradients,11,0.3515981735159817,0.7485115726788839,0.8513664570947487,0.10285488441586477,True,0.5525114155251142
0,CC(C)COC(=O)C=Cc1ccccc1,attention,15,0.8354203935599284,0.789638876914978,0.8313680602237582,0.04172918330878017,True,
0,CC(C)COC(=O)C=Cc1ccccc1,integrated_gradients,15,0.481216457960644,0.7395925484597683,0.8313680602237582,0.0917755117639899,True,0.2915921288014311
0,O=CCOCCc1ccccc1,attention,12,0.528169014084507,0.8885896251751826,0.9116833237501292,0.023093698574946586,True,
0,O=CCOCCc1ccccc1,integrated_gradients,12,0.7042253521126761,0.8417669626382681,0.9116833237501292,0.06991636111186106,True,0.380281690140845
0,CC1(C)COC2(CCCCC2)OC1,attention,13,0.5479838401582567,0.8058370096342904,0.8707565616284099,0.06491955199411947,True,
0,CC1(C)COC2(CCCCC2)OC1,integrated_gradients,13,0.6675900277008311,0.8076318502426147,0.8707565616284099,0.06312471138579512,True,0.5638910643987352
0,CC1(S)CCC2CC1C2(C)C,attention,11,0.7442922374429224,0.7675818055868149,0.8139158204197884,0.0463340148329735,False,
0,CC1(S)CCC2CC1C2(C)C,integrated_gradients,11,0.4337899543378996,0.6804488549629847,0.8139158204197884,0.1334669654568037,True,0.8630136986301371
0,C=Cc1cc(OC)c(O)c(OC)c1,attention,13,0.8170571691028833,0.7877449180398669,0.830246621157442,0.04250170311757506,True,
0,C=Cc1cc(OC)c(O)c(OC)c1,integrated_gradients,13,0.07692307692307691,0.7417238397257668,0.830246621157442,0.08852278143167513,True,0.37912087912087916
0,CCC(C=O)=Cc1ccccc1,attention,12,0.908450704225352,0.8362451883462759,0.8742710092893015,0.038025820943025535,True,
0,CCC(C=O)=Cc1ccccc1,integrated_gradients,12,0.6338028169014084,0.8006912836661706,0.8742710092893015,0.07357972562313086,True,0.6478873239436619
0,CC(C)(C)c1ccc(CCC=O)cc1,attention,14,0.9044466776488748,0.814776865641276,0.8875786115725836,0.0728017459313075,True,
0,CC(C)(C)c1ccc(CCC=O)cc1,integrated_gradients,14,0.8625277161862528,0.7623632311820984,0.8875786115725836,0.1252153803904852,True,0.7472283813747229
0,Cc1nc2ccccc2s1,attention,10,0.6,0.8599182367324829,0.9036114302548496,0.04369319352236667,True,
0,Cc1nc2ccccc2s1,integrated_gradients,10,-0.05454545454545454,0.8335746039043773,0.9036114302548496,0.07003682635047226,True,0.34545454545454546
0,CC1=C(C)CC2(COCOC2)C(C)C1,attention,14,0.9205298013245033,0.775563124815623,0.8340535394350688,0.05849041461944582,True,
0,CC1=C(C)CC2(COCOC2)C(C)C1,integrated_gradients,14,0.8896247240618101,0.7707947174708049,0.8340535394350688,0.06325882196426391,True,0.34657836644591616
0,C1CNCCN1.O=C(O)CCCCC(=O)O,attention,16,0.5863875985731685,0.9530066111508537,0.9520995296099605,-0.0009070815408932509,False,
0,C1CNCCN1.O=C(O)CCCCC(=O)O,integrated_gradients,16,-0.6591928251121076,0.8217860951143152,0.9520995296099605,0.13031343449564525,True,-0.4218400581572284
0,O=C(O)C1CCCN1,attention,8,0.6666666666666669,0.9541010856628418,0.9460203962193594,-0.008080689443482392,False,
0,O=C(O)C1CCCN1,integrated_gradients,8,-0.023809523809523815,0.8028365042474535,0.9460203962193594,0.14318389197190595,True,0.38095238095238104
0,CC(C)C(=O)[O-].CCOc1cc(C=O)ccc1O,attention,18,0.8677685950413225,0.9182599688831129,0.9112495569806349,-0.007010411902477975,False,
0,CC(C)C(=O)[O-].CCOc1cc(C=O)ccc1O,integrated_gradients,18,-0.4318181818181819,0.8072412923762673,0.9112495569806349,0.10400826460436763,True,-0.2066115702479339
0,O=CC1CCC2C3CCC(C3)C12,attention,12,0.8811188811188813,0.8825598542506878,0.9141570295278841,0.0315971752771963,True,
0,O=CC1CCC2C3CCC(C3)C12,integrated_gradients,12,0.8111888111888113,0.866518483712123,0.9141570295278841,0.0476385458157611,True,0.6503496503496504
0,Cc1ccc(C(C)C=O)cc1,attention,11,0.9541284403669725,0.8718416392803192,0.9097530230879783,0.03791138380765913,True,
0,Cc1ccc(C(C)C=O)cc1,integrated_gradients,11,0.5779816513761469,0.8150644600391388,0.9097530230879783,0.09468856304883955,True,0.06422018348623854
0,O=C1CCC=CCCCCCCCCCC1,attention,16,0.7349042709867452,0.8857791178366717,0.8955209756598753,0.009741857823203581,True,
0,O=C1CCC=CCCCCCCCCCC1,integrated_gradients,16,0.37941176470588234,0.8672945429297054,0.8955209756598753,0.028226432730169893,True,0.19131719675420955
0,COc1ccc(COC(=O)Cc2ccccc2)cc1,attention,19,0.7891036906854131,0.8058293521404266,0.8429474131762982,0.03711806103587156,True,
0,COc1ccc(COC(=O)Cc2ccccc2)cc1,integrated_gradients,19,0.59402460456942,0.7853660106658935,0.8429474131762982,0.05758140251040467,True,0.718804920913884
0,CC=Cc1cc(OC)c(O)c(OC)c1,attention,14,0.8448849997066709,0.7785289605458577,0.8247526854276657,0.046223724881807926,True,
0,CC=Cc1cc(OC)c(O)c(OC)c1,integrated_gradients,14,0.21318681318681318,0.7333698829015096,0.8247526854276657,0.09138280252615605,True,0.5472527472527472
0,CC1OC=CC1=O,attention,7,0.8571428571428573,0.8050563037395477,0.8087313055992127,0.0036750018596649614,False,
0,CC1OC=CC1=O,integrated_gradients,7,0.03571428571428572,0.685049869120121,0.8087313055992127,0.12368143647909169,True,0.3214285714285715
0,CC(C)(O)c1ccccc1,attention,10,0.9259259259259257,0.8157820105552673,0.8795147633010689,0.06373275274580159,True,
0,CC(C)(O)c1ccccc1,integrated_gradients,10,0.5555555555555556,0.812994816086509,0.8795147633010689,0.0665199472145599,True,0.7777777777777778
0,CC(C)C(C=O)c1ccccc1,attention,12,0.9363957597173144,0.8703986543875474,0.9099107964680744,0.039512142080527,True,
0,CC(C)C(C=O)c1ccccc1,integrated_gradients,12,0.8657243816254416,0.8144115805625916,0.9099107964680744,0.09549921590548283,True,0.3780918727915195
0,CCOC(=O)C(O)Cc1ccccc1,attention,14,0.8681318681318682,0.8318986097971598,0.8379073806603751,0.006008770863215274,False,
0,CCOC(=O)C(O)Cc1ccccc1,integrated_gradients,14,-0.2087912087912088,0.7507280349731446,0.8379073806603751,0.08717934568723051,True,0.006593406593406593
0,COC(C=Cc1ccccc1)OC,attention,13,0.9558011049723757,0.8745479541165488,0.9026605799794197,0.028112625862870888,True,
0,COC(C=Cc1ccccc1)OC,integrated_gradients,13,0.3977900552486188,0.8283762293202537,0.9026605799794197,0.07428435065916605,True,0.06629834254143646
0,CC1=CC(=O)C2CC1C2(C)C,attention,11,0.9543378995433791,0.6691802342732748,0.8065929012993971,0.13741266702612231,True,
0,CC1=CC(=O)C2CC1C2(C)C,integrated_gradients,11,0.30593607305936077,0.7008164177338282,0.8065929012993971,0.1057764835655689,True,0.6529680365296804
0,CCCC(=O)OC(CC)c1ccccc1,attention,15,0.8214285714285712,0.6601090393960476,0.709316098690033,0.04920705929398539,True,
0,CCCC(=O)OC(CC)c1ccccc1,integrated_gradients,15,-0.5499999999999999,0.6081477142870426,0.709316098690033,0.10116838440299036,True,0.08214285714285713
0,CC12CCCC(OC=O)(C1)C1CC(C)(C)C1CC2,attention,18,0.9256198347107439,0.7803816889461718,0.8560628004764256,0.07568111153025381,True,
0,CC12CCCC(OC=O)(C1)C1CC(C)(C)C1CC2,integrated_gradients,18,0.7706611570247935,0.7448405152872989,0.8560628004764256,0.11122228518912669,True,0.7334710743801653
0,CC(COC(=O)c1ccccc1)OC(=O)c1ccccc1,attention,21,0.766829308841527,0.8408348912542517,0.8724314655769956,0.031596574322743876,True,
0,CC(COC(=O)c1ccccc1)OC(=O)c1ccccc1,integrated_gradients,21,0.42522756827048114,0.8095467578281056,0.8724314655769956,0.06288470774888999,True,0.46553966189856955
0,COc1ccc2ccc(=O)oc2c1,attention,13,0.7967032967032966,0.8106949414525714,0.8426087709409851,0.0319138294884137,True,
0,COc1ccc2ccc(=O)oc2c1,integrated_gradients,13,0.06043956043956044,0.7607708488191877,0.8426087709409851,0.08183792212179741,True,0.532967032967033
0,C=C(C)C1CCC(C)=CC1=O,attention,11,0.8090909090909091,0.6768208742141724,0.790447981407245,0.11362710719307267,True,
0,C=C(C)C1CCC(C)=CC1=O,integrated_gradients,11,0.13636363636363638,0.7133209258317947,0.790447981407245,0.0771270555754503,True,0.6000000000000001
0,O.O.O.O.O.O.O.O.OB1O[B-]2(O)OB(O)O[B-](O)(O1)O2.[Na+].[Na+],attention,23,0.9544715447154472,0.9850247030456861,0.9864662351707618,0.0014415321250756952,False,
0,O.O.O.O.O.O.O.O.OB1O[B-]2(O)OB(O)O[B-](O)(O1)O2.[Na+].[Na+],integrated_gradients,23,-0.04103896103896104,0.9807619601488113,0.9864662351707618,0.005704275021950478,True,-0.04510299416957339
0,c1coc(CSCc2ccco2)c1,attention,13,0.19532343099765895,0.7916040633405957,0.8681890004447528,0.07658493710415704,True,
0,c1coc(CSCc2ccco2)c1,integrated_gradients,13,-0.6043956043956044,0.7176296881267002,0.8681890004447528,0.15055931231805253,True,-0.2723523897009611
0,CC(=O)C=Cc1ccccc1,attention,11,0.9816513761467891,0.8401071975628535,0.8753444085518518,0.035237210988998346,True,
0,CC(=O)C=Cc1ccccc1,integrated_gradients,11,0.3486238532110092,0.8266066163778305,0.8753444085518518,0.0487377921740213,True,0.6055045871559633
0,CCOc1ccc(C(C)=O)cc1,attention,12,0.7676056338028169,0.7063836042697613,0.7363008033770783,0.02991719910731694,False,
0,CCOc1ccc(C(C)=O)cc1,integrated_gradients,12,0.0845070422535211,0.6356520561071543,0.7363008033770783,0.10064874726992401,True,0.35211267605633806
0,CCCCCC#CC(=O)OCc1ccccc1,attention,17,0.5012285012285012,0.8790438506338332,0.8898263672987621,0.01078251666492891,False,
0,CCCCCC#CC(=O)OCc1ccccc1,integrated_gradients,17,-0.5773955773955773,0.8257695800728269,0.8898263672987621,0.06405678722593522,True,0.1253071253071253
0,O=C(C=Cc1ccccc1)OC1CCCCC1,attention,17,0.7339901477832511,0.8092829816871219,0.8358410547176998,0.02655807303057789,True,
0,O=C(C=Cc1ccccc1)OC1CCCCC1,integrated_gradients,17,0.3251231527093596,0.7919711636172401,0.8358410547176998,0.04386989110045969,True,0.49753694581280783
0,CCOC(=O)Cc1ccccc1,attention,12,0.788732394366197,0.7161405224066514,0.7851684806438592,0.06902795823720786,True,
0,CCOC(=O)Cc1ccccc1,integrated_gradients,12,0.23239436619718304,0.6917698154082665,0.7851684806438592,0.0933986652355927,True,0.33098591549295764
0,O=C(OC1CCCCC1)c1ccccc1O,attention,16,0.6342182890855457,0.7760259018224829,0.8016547473037944,0.025628845481311502,False,
0,O=C(OC1CCCCC1)c1ccccc1O,integrated_gradients,16,-0.3185840707964601,0.7219610459664288,0.8016547473037944,0.07969370133736553,True,0.13864306784660765
0,CC(=O)C1(C)CC2=C(CCCC2(C)C)CC1C,attention,17,0.9509202453987732,0.7530509266588423,0.8467763228548897,0.09372539619604736,True,
0,CC(=O)C1(C)CC2=C(CCCC2(C)C)CC1C,integrated_gradients,17,0.8674846625766872,0.7465039127402835,0.8467763228548897,0.10027241011460619,True,0.8625766871165644
0,CCc1cc(OC)c(O)c(OC)c1,attention,13,0.8060530321452687,0.8083855850355965,0.83462043681315,0.02623485177755347,False,
0,CCc1cc(OC)c(O)c(OC)c1,integrated_gradients,13,-0.25274725274725274,0.7507284794534955,0.83462043681315,0.08389195735965449,True,-0.1043956043956044
0,CCCc1ccc(OC)cc1,attention,11,0.6697247706422019,0.8030511637528738,0.8240237263341743,0.020972562581300536,False,
0,CCCc1ccc(OC)cc1,integrated_gradients,11,0.4495412844036698,0.7735025237003962,0.8240237263341743,0.05052120263377813,True,0.5871559633027523
0,CCC(C)C(=O)OCCc1ccccc1,attention,15,0.7999999999999999,0.6711278818547726,0.6967349664308131,0.02560708457604055,False,
0,CCC(C)C(=O)OCCc1ccccc1,integrated_gradients,15,-0.2642857142857143,0.5964985303580761,0.6967349664308131,0.10023643607273702,True,-0.049999999999999996
0,CC1CCC(CCCC(=O)O)C1(C)C,attention,14,0.7533039647577093,0.7988917509714762,0.856526798804601,0.057635047833124786,True,
0,CC1CCC(CCCC(=O)O)C1(C)C,integrated_gradients,14,0.28193832599118945,0.8019911686579386,0.856526798804601,0.054535630146662406,True,0.5638766519823789
0,CC(C)C1CC(c2ccccc2)C=CO1,attention,15,0.8240574506283661,0.8656199015676975,0.9038877306506038,0.03826782908290627,True,
0,CC(C)C1CC(c2ccccc2)C=CO1,integrated_gradients,15,0.5260323159784559,0.8481808044016361,0.9038877306506038,0.05570692624896767,True,0.5691202872531417
0,CC1=C(O)C(=O)C(C)S1,attention,9,0.8333333333333333,0.8985572397708893,0.9032699906826018,0.004712750911712527,False,
0,CC1=C(O)C(=O)C(C)S1,integrated_gradients,9,0.08333333333333334,0.7623047530651093,0.9032699906826018,0.14096523761749258,True,0.19999999999999998
0,C=C1C=CC(C(C)CCC=C(C)C)CC1,attention,15,0.9785714285714284,0.8180464990437031,0.8759509023278952,0.05790440328419211,True,
0,C=C1C=CC(C(C)CCC=C(C)C)CC1,integrated_gradients,15,0.8857142857142855,0.8082372955977917,0.8759509023278952,0.06771360673010351,True,0.9464285714285712
0,CCCCCCc1ccc(C=CC(OC)OC)cc1,attention,19,0.9138840070298769,0.8858286201953888,0.9036389710009098,0.01781035080552107,False,
0,CCCCCCc1ccc(C=CC(OC)OC)cc1,integrated_gradients,19,0.7152899824253076,0.8128524482250213,0.9036389710009098,0.0907865227758885,True,-0.15992970123022848
0,CCCOC(=O)c1ccccc1N,attention,13,0.7362637362637362,0.7826142183371952,0.8172289929219654,0.034614774584770136,True,
0,CCCOC(=O)c1ccccc1N,integrated_gradients,13,0.4010989010989011,0.737806865147182,0.8172289929219654,0.07942212777478341,True,0.09890109890109891
0,CC(=O)[O-].CC(=O)[O-].CCC(=O)c1ccc(F)c(C2CC2NC(=O)Nc2ccc(C#N)cn2)c1O.[Zn+2],attention,36,0.7486479526139582,0.966102248913533,0.9701030652265292,0.004000816312996203,False,
0,CC(=O)[O-].CC(=O)[O-].CCC(=O)c1ccc(F)c(C2CC2NC(=O)Nc2ccc(C#N)cn2)c1O.[Zn+2],integrated_gradients,36,-0.33917074426989435,0.8794824722650889,0.9701030652265292,0.09062059296144032,True,-0.08009271182075714
0,COC(=O)c1ccccc1N=CC=Cc1ccccc1,attention,20,0.732330827067669,0.9144346572103954,0.9214646105255401,0.007029953315144666,False,
0,COC(=O)c1ccccc1N=CC=Cc1ccccc1,integrated_gradients,20,0.07518796992481201,0.8638216796375456,0.9214646105255401,0.05764293088799444,True,-0.11428571428571428
0,CC1=CC(=O)C(C(C)C)CC1,attention,11,0.9178082191780823,0.7339757631222407,0.7968550607562065,0.06287929763396582,True,
0,CC1=CC(=O)C(C(C)C)CC1,integrated_gradients,11,0.004566210045662101,0.7151598483324051,0.7968550607562065,0.0816952124238014,True,0.07762557077625572
0,CCOc1ccccc1CO,attention,11,0.6272727272727273,0.7299914211034775,0.7648319500188031,0.03484052891532563,False,
0,CCOc1ccccc1CO,integrated_gradients,11,-0.5,0.6907947907845179,0.7648319500188031,0.07403715923428522,True,0.6000000000000001
0,C=CCCC1=C(C)C(=O)CCC1(C)C,attention,14,0.9118942731277533,0.7197545051574707,0.7937967216968536,0.07404221653938281,True,
0,C=CCCC1=C(C)C(=O)CCC1(C)C,integrated_gradients,14,0.2775330396475771,0.7389055371284485,0.7937967216968536,0.05489118456840503,True,0.4008810572687225
0,CCCC(O)Cc1ccccc1,attention,12,0.9225352112676055,0.8875891933074365,0.912092656814135,0.02450346350669852,True,
0,CCCC(O)Cc1ccccc1,integrated_gradients,12,0.5492957746478873,0.8556155883348905,0.912092656814135,0.0564770684792445,True,0.4859154929577464
0,CCc1cc2c(cc1C(C)=O)C(C)(C)CCC2(C)C,attention,19,0.9244951712028096,0.7812293410301209,0.8667440833151339,0.08551474228501299,True,
0,CCc1cc2c(cc1C(C)=O)C(C)(C)CCC2(C)C,integrated_gradients,19,0.7629499561018437,0.781876590847969,0.8667440833151339,0.08486749246716485,True,0.45741878841088673
0,COC(=O)c1c(C)cc(O)c(C)c1O,attention,14,0.7538461538461538,0.8923424641291301,0.9113615421454113,0.01901907801628122,True,
0,COC(=O)c1c(C)cc(O)c(C)c1O,integrated_gradients,14,-0.178021978021978,0.7804550449053447,0.9113615421454113,0.13090649724006664,True,-0.17362637362637365
0,CC(=O)OCc1ccc(C)cc1,attention,12,0.8309859154929576,0.7042373418807983,0.7671888899344665,0.0629515480536682,True,
0,CC(=O)OCc1ccc(C)cc1,integrated_gradients,12,0.6760563380281688,0.6432271255896642,0.7671888899344665,0.12396176434480233,True,0.6971830985915491
0,CC1=CC2C(CCC(C)=CCC1)C2(C)C,attention,15,0.964221824686941,0.7976408675312996,0.8768293917179107,0.07918852418661115,True,
0,CC1=CC2C(CCC(C)=CCC1)C2(C)C,integrated_gradients,15,0.9105545617173524,0.7953156642615795,0.8768293917179107,0.08151372745633123,True,0.9248658318425759
0,C=CCC(C=O)c1ccccc1,attention,12,0.9154929577464787,0.9042891905857966,0.9273206045994391,0.023031414013642504,True,
0,C=CCC(C=O)c1ccccc1,integrated_gradients,12,0.6267605633802817,0.8562545363719647,0.9273206045994391,0.07106606822747441,True,0.4647887323943661
0,C=CCCC(=O)C1=CC2(CCCC2)CCC1,attention,16,0.8053097345132741,0.8292023995343376,0.8618274453808279,0.032625045846490286,True,
0,C=CCCC(=O)C1=CC2(CCCC2)CCC1,integrated_gradients,16,0.3244837758112094,0.8123231039327734,0.8618274453808279,0.04950434144805449,True,0.42772861356932146
0,CCC(=O)OC1CCCCCCCCCCC1,attention,17,0.8341584158415842,0.8569893836975098,0.8652588244941499,0.00826944079664016,False,
0,CCC(=O)OC1CCCCCCCCCCC1,integrated_gradients,17,0.22811344019728733,0.8161675300863054,0.8652588244941499,0.04909129440784454,True,0.28659715663719704
0,CC1=CCC(CC#N)C1(C)C,attention,11,0.9817351598173516,0.7485835750897726,0.856120566278696,0.10753699118892346,True,
0,CC1=CCC(CC#N)C1(C)C,integrated_gradients,11,0.7625570776255707,0.746640607714653,0.856120566278696,0.10947995856404302,True,0.9908675799086759
0,Cc1oc2ccccc2c1C,attention,11,0.8272727272727273,0.8465736756722132,0.888230711221695,0.04165703554948175,True,
0,Cc1oc2ccccc2c1C,integrated_gradients,11,0.27272727272727276,0.8440970828135809,0.888230711221695,0.04413362840811408,True,0.5363636363636364
0,CC(=O)OC=Cc1ccccc1,attention,12,0.76056338028169,0.8397228901202862,0.8646453382877203,0.024922448167434053,True,
0,CC(=O)OC=Cc1ccccc1,integrated_gradients,12,-0.049295774647887314,0.811889831836407,0.8646453382877203,0.05275550645131333,True,0.4154929577464788
0,O=C(CCc1ccccc1)OCCCc1ccccc1,attention,20,0.7379518072289156,0.8607279260953268,0.8891136343990056,0.028385708303678814,True,
0,O=C(CCc1ccccc1)OCCCc1ccccc1,integrated_gradients,20,0.36596385542168675,0.8297513382775443,0.8891136343990056,0.05936229612146127,True,0.5572289156626505
0,CC(CC=O)CCCC(C)(C)O.c1ccc2[nH]ccc2c1,attention,21,0.8271604938271605,0.8763320283456282,0.9011422886089846,0.02481026026335642,True,
0,CC(CC=O)CCCC(C)(C)O.c1ccc2[nH]ccc2c1,integrated_gradients,21,0.8908382066276802,0.8035945946520026,0.9011422886089846,0.09754769395698204,True,0.50227420402859
0,CCC1NC(CC)SC(CC)S1,attention,12,0.723404255319149,0.9203355724994953,0.926059782734284,0.005724210234788751,False,
0,CCC1NC(CC)SC(CC)S1,integrated_gradients,12,-0.23404255319148937,0.787963697543511,0.926059782734284,0.138096085190773,True,0.23404255319148937
0,CC(=O)OCCC1CC=C(C)C1(C)C,attention,14,0.9383259911894275,0.6638685266176859,0.7697846708695094,0.1059161442518235,True,
0,CC(=O)OCCC1CC=C(C)C1(C)C,integrated_gradients,14,0.7092511013215859,0.6486739993095398,0.7697846708695094,0.12111067155996957,True,0.8370044052863438
0,C=CCOC(=O)c1ccccc1,attention,12,0.6549295774647887,0.8480114524181073,0.8714807776304392,0.023469325212331915,True,
0,C=CCOC(=O)c1ccccc1,integrated_gradients,12,0.09154929577464789,0.7924479521237887,0.8714807776304392,0.07903282550665047,True,0.021126760563380274
0,CC1CCC(C(C)C)C(NC(=O)C2CC2)C1,attention,16,0.7935103244837757,0.9239676419426414,0.9337595948401619,0.00979195289752055,False,
0,CC1CCC(C(C)C)C(NC(=O)C2CC2)C1,integrated_gradients,16,-0.20943952802359878,0.8586954754941604,0.9337595948401619,0.07506411934600155,True,0.22123893805309733
0,OCc1ccc(O)cc1,attention,9,0.43333333333333335,0.9005112648010254,0.8976288893818856,-0.0028823754191398265,False,
0,OCc1ccc(O)cc1,integrated_gradients,9,-0.5166666666666667,0.8733883380889893,0.8976288893818856,0.024240551292896262,True,0.5666666666666667
0,OC(Cc1ccccc1)c1ccccc1,attention,15,0.845878136200717,0.9362032078206539,0.9368449151515961,0.0006417073309421539,False,
0,OC(Cc1ccccc1)c1ccccc1,integrated_gradients,15,0.5412186379928315,0.9050409495830536,0.9368449151515961,0.03180396556854248,True,0.2508960573476703
0,CCOC(=O)C1C(C=C(C)C)C1(C)C,attention,14,0.9426048565121412,0.646773362159729,0.754571507871151,0.10779814571142199,True,
0,CCOC(=O)C1C(C=C(C)C)C1(C)C,integrated_gradients,14,0.5894039735099338,0.6155307789643606,0.754571507871151,0.13904072890679042,True,0.8189845474613686
0,CCCCCC(=O)OCCc1ccccc1,attention,16,0.6283185840707963,0.7330843034912559,0.7619195934604196,0.028835289969163735,True,
0,CCCCCC(=O)OCCc1ccccc1,integrated_gradients,16,-0.39528023598820056,0.6943317686810213,0.7619195934604196,0.06758782477939829,True,0.0
0,O=C1CCCCCCCCCCCCCCC1,attention,17,0.8862433862433863,0.8979538944032457,0.9099690107835663,0.0120151163803206,True,
0,O=C1CCCCCCCCCCCCCCC1,integrated_gradients,17,0.8362282878411911,0.8904750314023759,0.9099690107835663,0.01949397938119035,True,0.7097106887695703
0,C1CCCC2(CCC1)CCCO2,attention,12,0.22968197879858657,0.8648842160518353,0.8859816597058222,0.021097443653986914,True,
0,C1CCCC2(CCC1)CCCO2,integrated_gradients,12,-0.1590106007067138,0.8653834187067472,0.8859816597058222,0.020598240999075035,True,0.26501766784452296
0,CC(C)C=C(C=O)c1ccccc1,attention,13,0.9917164910960558,0.8312565428870065,0.8817441167575971,0.05048757387059066,True,
0,CC(C)C=C(C=O)c1ccccc1,integrated_gradients,13,0.7245179063360881,0.812261415379388,0.8817441167575971,0.06948270137820911,True,0.603305785123967
0,CC1CCCCCCCCCCCCC(=O)O1,attention,17,0.6575682382133995,0.8326425717936622,0.8776758660872778,0.04503329429361558,True,
0,CC1CCCCCCCCCCCCC(=O)O1,integrated_gradients,17,0.5196078431372549,0.8476079603036245,0.8776758660872778,0.03006790578365326,True,0.38348447685494663
0,O=C1CCC2=C(CCCC2)O1,attention,11,0.690909090909091,0.838105042775472,0.8736225922902425,0.035517549514770486,True,
0,O=C1CCC2=C(CCCC2)O1,integrated_gradients,11,0.3181818181818182,0.818833147486051,0.8736225922902425,0.05478944480419157,True,0.4272727272727273
0,C=CCOCCc1ccccc1,attention,12,0.47887323943661964,0.894934356212616,0.9153878237192448,0.020453467506628797,True,
0,C=CCOCCc1ccccc1,integrated_gradients,12,0.2535211267605633,0.8424097528824439,0.9153878237192448,0.07297807083680086,True,0.23943661971830982
0,CC1C(=O)C2CC1C(C)(C)C2,attention,11,0.8264840182648403,0.7140072385470072,0.8104539806644121,0.0964467421174049,True,
0,CC1C(=O)C2CC1C(C)(C)C2,integrated_gradients,11,0.6073059360730594,0.7196530650059382,0.8104539806644121,0.09080091565847392,True,0.771689497716895
0,CC1=CCC2(CC1)C(C)CCC2C(C)(C)O,attention,16,0.8792341678939617,0.7933883176130407,0.8643375933170319,0.07094927570399112,True,
0,CC1=CCC2(CC1)C(C)CCC2C(C)(C)O,integrated_gradients,16,0.8998527245949925,0.794982959242428,0.8643375933170319,0.06935463407460385,True,0.7879234167893961
0,C=CC(C)(CCC=C(C)C)OC(=O)c1ccccc1,attention,19,0.8507462686567163,0.7262982547283172,0.7910317386686802,0.06473348394036293,True,
0,C=CC(C)(CCC=C(C)C)OC(=O)c1ccccc1,integrated_gradients,19,0.35733099209833186,0.6920711994171143,0.7910317386686802,0.0989605392515659,True,0.4293239683933275
0,CC(C)=CCOC(=O)c1ccccc1,attention,14,0.8458149779735683,0.7154234687487284,0.7738439798355102,0.05842051108678181,True,
0,CC(C)=CCOC(=O)c1ccccc1,integrated_gradients,14,0.6784140969162996,0.6799763202667236,0.7738439798355102,0.09386765956878662,True,0.6475770925110133
0,COC(C)OC(C)OCc1ccccc1,attention,15,0.7857142857142856,0.8764215111732483,0.8983666548505426,0.021945143677294277,True,
0,COC(C)OC(C)OCc1ccccc1,integrated_gradients,15,-0.2714285714285714,0.8052254319190979,0.8983666548505426,0.09314122293144467,True,0.3857142857142856
0,COc1ccc(C=O)cc1O,attention,11,0.7181818181818183,0.7997625917196274,0.8444670868416628,0.04470449512203545,True,
0,COc1ccc(C=O)cc1O,integrated_gradients,11,-0.14545454545454548,0.7488884876171747,0.8444670868416628,0.09557859922448808,True,0.4000000000000001
0,CCOC(=O)CC(O)c1ccccc1,attention,14,0.8505494505494505,0.7712111115455628,0.7914387698968252,0.02022765835126239,False,
0,CCOC(=O)CC(O)c1ccccc1,integrated_gradients,14,-0.410989010989011,0.7033836245536804,0.7914387698968252,0.08805514534314474,True,0.12967032967032965
0,CCOC(=O)C(C)(O)c1ccccc1,attention,14,0.8285714285714285,0.7625862717628479,0.7940421666701634,0.031455894907315485,True,
0,CCOC(=O)C(C)(O)c1ccccc1,integrated_gradients,14,0.02857142857142857,0.7089947104454041,0.7940421666701634,0.08504745622475929,True,0.13406593406593406
0,C=CCc1cc(OC)c(OC)c(OC)c1,attention,15,0.7428571428571428,0.7513482198119164,0.8398573694750666,0.08850914966315027,True,
0,C=CCc1cc(OC)c(OC)c(OC)c1,integrated_gradients,15,0.12857142857142856,0.7619218975305557,0.8398573694750666,0.07793547194451089,True,0.7678571428571428
0,CCCCOC(C)OCCc1ccccc1,attention,16,0.5545722713864306,0.8915858829722685,0.9020564733182683,0.010470590345999842,False,
0,CCCCOC(C)OCCc1ccccc1,integrated_gradients,16,-0.215339233038348,0.8349355950075037,0.9020564733182683,0.06712087831076463,True,0.19469026548672563
0,CCCCCCCOC(=O)C=Cc1ccccc1,attention,18,0.6752843846949327,0.8365147992184288,0.8467434607054057,0.010228661486976987,False,
0,CCCCCCCOC(=O)C=Cc1ccccc1,integrated_gradients,18,0.19544984488107542,0.7961205087210003,0.8467434607054057,0.05062295198440547,True,0.09410548086866596
0,CC(CC=O)CCc1ccccc1,attention,13,0.8351648351648352,0.8762340332780566,0.9169634337936128,0.04072940051555618,True,
0,CC(CC=O)CCc1ccccc1,integrated_gradients,13,0.6373626373626374,0.8151265297617231,0.9169634337936128,0.10183690403188972,True,0.6483516483516483
0,CC(CO)C1CCCCCCCCCCC1,attention,16,0.8005952380952381,0.8972718645544613,0.8972765354549184,4.670900457082183e-06,False,
0,CC(CO)C1CCCCCCCCCCC1,integrated_gradients,16,0.12592592592592594,0.8691454634946936,0.8972765354549184,0.028131071960224796,True,-0.03563483225498992
0,CC(=O)C1=NCCS1,attention,8,0.7857142857142858,0.8947544362809923,0.9107252958748073,0.015970859593815057,False,
0,CC(=O)C1=NCCS1,integrated_gradients,8,0.07142857142857144,0.7573842704296112,0.9107252958748073,0.15334102544519612,True,0.28571428571428575
0,CC(C=O)=Cc1ccccc1,attention,11,0.9449541284403671,0.8717480450868607,0.8816172723968823,0.0098692273100216,False,
0,CC(C=O)=Cc1ccccc1,integrated_gradients,11,0.3486238532110092,0.83051564792792,0.8816172723968823,0.05110162446896227,True,0.4954128440366973
0,CC1CC2C3CCC(C3)C2CC1=O,attention,13,0.8956043956043955,0.7977983398096902,0.8463362891759191,0.048537949366228905,True,
0,CC1CC2C3CCC(C3)C2CC1=O,integrated_gradients,13,0.45604395604395603,0.7995013296604156,0.8463362891759191,0.04683495951550343,True,0.8186813186813187
0,CSC(=O)c1ccccc1,attention,10,0.9509202453987731,0.8253423788330772,0.8761454926295714,0.05080311379649427,True,
0,CSC(=O)c1ccccc1,integrated_gradients,10,-0.28834355828220865,0.7866440415382385,0.8761454926295714,0.0895014510913329,True,0.20245398773006137
0,CCCCCCCCCC=Nc1ccccc1C(=O)OC,attention,21,0.7116883116883117,0.8844591704281893,0.8939001841978593,0.009441013769669993,False,
0,CCCCCCCCCC=Nc1ccccc1C(=O)OC,integrated_gradients,21,-0.20779220779220778,0.856274425983429,0.8939001841978593,0.03762575821443037,True,0.2857142857142857
0,CCOC(C)OCCc1ccccc1,attention,14,0.6,0.8625627875328064,0.8931152848402659,0.03055249730745957,True,
0,CCOC(C)OCCc1ccccc1,integrated_gradients,14,-0.01978021978021978,0.7974080165227254,0.8931152848402659,0.0957072683175405,True,0.3758241758241759
0,O=CCOc1ccccc1,attention,10,0.6196319018404908,0.8355257619510997,0.8648163730447942,0.029290611093694463,True,
0,O=CCOc1ccccc1,integrated_gradients,10,-0.14110429447852763,0.7915239930152893,0.8648163730447942,0.07329238002950489,True,0.4355828220858896
0,c1coc(Cn2cccc2)c1,attention,11,0.45871559633027525,0.8752527038256327,0.9116916606823601,0.03643895685672738,True,
0,c1coc(Cn2cccc2)c1,integrated_gradients,11,-0.27522935779816515,0.8735449016094208,0.9116916606823601,0.038146759072939296,True,0.6146788990825689
0,CCOC(=O)CCCc1ccccc1,attention,14,0.7274725274725276,0.7195686976114909,0.787672322789828,0.06810362517833712,True,
0,CCOC(=O)CCCc1ccccc1,integrated_gradients,14,0.01978021978021978,0.7075639764467875,0.787672322789828,0.08010834634304054,True,0.5516483516483517
0,CC1OCCCCCCCCCCCOC1=O,attention,17,0.6059113300492609,0.8347643547587924,0.8768510858217875,0.0420867310629951,True,
0,CC1OCCCCCCCCCCCOC1=O,integrated_gradients,17,0.3382352941176471,0.8364882436063554,0.8768510858217875,0.04036284221543207,True,0.3808365303657285
0,CC(=O)CCc1ccccc1,attention,11,0.9357798165137615,0.7857513129711151,0.8445489794015885,0.05879766643047335,True,
0,CC(=O)CCc1ccccc1,integrated_gradients,11,0.3211009174311926,0.7675332973400751,0.8445489794015885,0.07701568206151332,True,0.7431192660550459
0,CC(NC(=O)C(N)CC(=O)O)C(=O)NC1C(C)(C)SC1(C)C,attention,22,0.8021481062747314,0.9418443182240361,0.9602616610734358,0.018417342849399665,True,
0,CC(NC(=O)C(N)CC(=O)O)C(=O)NC1C(C)(C)SC1(C)C,integrated_gradients,22,-0.20293951384963257,0.8784601843875387,0.9602616610734358,0.0818014766858971,True,0.32052006783493503
0,C=CCCC(=O)c1ccccc1,attention,12,0.816901408450704,0.849566386296199,0.8733841602618877,0.023817773965688738,True,
0,C=CCCC(=O)c1ccccc1,integrated_gradients,12,0.7112676056338026,0.8448459506034851,0.8733841602618877,0.02853820965840259,True,0.5985915492957745
0,Cc1occ2c1SCC2,attention,9,0.38333333333333336,0.8009673655033112,0.8619723644852637,0.06100499898195255,True,
0,Cc1occ2c1SCC2,integrated_gradients,9,0.48333333333333334,0.7609681785106659,0.8619723644852637,0.10100418597459782,True,0.5666666666666667
0,CC1=CC(O)CC(C)C2CC(=C(C)C)CC12,attention,16,0.9057437407952872,0.7901811564669889,0.8657436556675855,0.07556249920059654,True,
0,CC1=CC(O)CC(C)C2CC(=C(C)C)CC12,integrated_gradients,16,0.9086892488954343,0.7760121436680064,0.8657436556675855,0.08973151199957907,True,0.840942562592047
0,CC(=O)OCc1ccc(C)cc1C,attention,13,0.9395604395604396,0.7137549562113625,0.7738060680883272,0.06005111187696466,True,
0,CC(=O)OCc1ccc(C)cc1C,integrated_gradients,13,0.5714285714285714,0.6561442230428968,0.7738060680883272,0.11766184504543042,True,0.576923076923077
0,C=C1CC2CCC1C2(C)C,attention,10,0.9634146341463414,0.7609545046632941,0.8521094205704604,0.09115491590716629,True,
0,C=C1CC2CCC1C2(C)C,integrated_gradients,10,0.9756097560975612,0.7608862736008384,0.8521094205704604,0.09122314696962197,True,0.9878048780487806
0,CC(CC=O)c1ccccc1,attention,11,0.908256880733945,0.8783030460278193,0.9220083976785343,0.043705351650714985,True,
0,CC(CC=O)c1ccccc1,integrated_gradients,11,0.798165137614679,0.8144122262795767,0.9220083976785343,0.10759617139895761,True,0.5321100917431194
0,c1coc(CCc2ccco2)c1,attention,12,0.652558334124716,0.788961451787215,0.8536684558941768,0.06470700410696184,True,
0,c1coc(CCc2ccco2)c1,integrated_gradients,12,-0.02097902097902098,0.7605587977629441,0.8536684558941768,0.09310965813123273,True,0.3690736711434125
0,CC(C)(Cc1ccccc1)OC=O,attention,13,0.9002770083102494,0.714458703994751,0.7698399499058723,0.05538124591112137,True,
0,CC(C)(Cc1ccccc1)OC=O,integrated_gradients,13,0.7340720221606648,0.6915850256170545,0.7698399499058723,0.07825492428881786,True,0.8116343490304709
0,CC(CC#N)CCc1ccccc1,attention,13,0.9560439560439561,0.8912599895681653,0.9262079209089278,0.03494793134076246,True,
0,CC(CC#N)CCc1ccccc1,integrated_gradients,13,0.4230769230769231,0.8722555339336395,0.9262079209089278,0.05395238697528826,True,0.5494505494505494
0,CC1CCC2C(C)(C)C3CC12CCC3(C)O,attention,16,0.8792341678939617,0.810376013026518,0.8842121532734704,0.0738361402469524,True,
0,CC1CCC2C(C)(C)C3CC12CCC3(C)O,integrated_gradients,16,0.9381443298969072,0.8034946497748879,0.8842121532734704,0.08071750349858242,True,0.8910162002945508
0,Cc1ccc(C=O)c(O)c1,attention,10,0.6969696969696969,0.8615427179770037,0.8912554608149961,0.029712742837992412,True,
0,Cc1ccc(C=O)c(O)c1,integrated_gradients,10,0.1515151515151515,0.824662907557054,0.8912554608149961,0.06659255325794211,True,0.5393939393939393
0,COCOC1CCCCCCCCCCC1,attention,16,0.44642857142857145,0.8306690279175254,0.8737073468811373,0.04303831896361188,True,
0,COCOC1CCCCCCCCCCC1,integrated_gradients,16,0.13777777777777778,0.8502884086440591,0.8737073468811373,0.02341893823707819,True,0.439496264478209
0,COc1cc(C=O)ccc1OC(=O)C(C)C,attention,16,0.8939617083946981,0.8253874918993782,0.8335889900431914,0.008201498143813213,False,
0,COc1cc(C=O)ccc1OC(=O)C(C)C,integrated_gradients,16,-0.3667157584683358,0.7106149862794315,0.8335889900431914,0.12297400376375989,True,0.09278350515463918
0,COCc1ccc(O)cc1,attention,10,0.6319018404907977,0.8065945614467968,0.8465307617729361,0.039936200326139315,True,
0,COCc1ccc(O)cc1,integrated_gradients,10,0.06748466257668713,0.776417921889912,0.8465307617729361,0.07011283988302408,True,0.7055214723926381
0,CCCCCC(=O)OCC=Cc1ccccc1,attention,17,0.5945945945945945,0.7739195194509294,0.8013913815220196,0.027471862071090203,True,
0,CCCCCC(=O)OCC=Cc1ccccc1,integrated_gradients,17,-0.0565110565110565,0.7472968796888987,0.8013913815220196,0.05409450183312092,True,-0.14742014742014742
0,CC(=O)OC1C=C(C)C2CC1C2(C)C,attention,14,0.9823788546255506,0.6967025915781657,0.7906044826904933,0.0939018911123276,True,
0,CC(=O)OC1C=C(C)C2CC1C2(C)C,integrated_gradients,14,0.7709251101321586,0.6846391359965006,0.7906044826904933,0.10596534669399271,True,0.86784140969163
0,CCCCCOC(=O)c1ccccc1,attention,14,0.665934065934066,0.7307688037554423,0.7467454081773758,0.015976604421933494,False,
0,CCCCCOC(=O)c1ccccc1,integrated_gradients,14,0.1164835164835165,0.6891042311986287,0.7467454081773758,0.057641176978747044,True,0.221978021978022
0,CC1=CC(=O)CO1,attention,7,0.5357142857142858,0.7643867656588554,0.8373306270688772,0.07294386141002174,True,
0,CC1=CC(=O)CO1,integrated_gradients,7,0.21428571428571433,0.7266576588153839,0.8373306270688772,0.11067296825349326,True,0.5714285714285715
0,CCC(C)C(=O)N(C)c1ccccc1,attention,14,0.9516483516483516,0.8832651297251384,0.9097026191155114,0.026437489390373048,True,
0,CCC(C)C(=O)N(C)c1ccccc1,integrated_gradients,14,0.3450549450549451,0.8596101681391398,0.9097026191155114,0.050092450976371605,True,0.3802197802197802
0,CCCc1ccc(O)c(OC)c1,attention,12,0.6713286713286714,0.7486084974729098,0.8068391545460774,0.05823065707316755,True,
0,CCCc1ccc(O)c(OC)c1,integrated_gradients,12,-0.0979020979020979,0.7157546190115122,0.8068391545460774,0.09108453553456519,True,0.3636363636363637
0,COc1ccc(C=C(C)C=O)cc1,attention,13,0.8846153846153846,0.7460158509867532,0.8016233182379178,0.05560746725116461,True,
0,COc1ccc(C=C(C)C=O)cc1,integrated_gradients,13,0.15934065934065936,0.7321700028010777,0.8016233182379178,0.06945331543684008,True,0.6043956043956044
0,CCOC(=O)CC1C=CCC1,attention,11,0.881818181818182,0.7286120454470316,0.7903357165555159,0.06172367110848431,True,
0,CCOC(=O)CC1C=CCC1,integrated_gradients,11,0.20000000000000004,0.7056876420974731,0.7903357165555159,0.08464807445804279,True,0.6090909090909091
0,CC1(C)C2CC=C(CO)C1C2,attention,11,0.9269406392694064,0.7649606764316559,0.8453080356121063,0.08034735918045044,True,
0,CC1(C)C2CC=C(CO)C1C2,integrated_gradients,11,0.8447488584474885,0.7300139019886652,0.8453080356121063,0.1152941336234411,True,0.7808219178082192
0,CC(O)Cc1ccccc1,attention,10,0.8404907975460123,0.8844635215672579,0.9098939654502001,0.025430443882942133,True,
0,CC(O)Cc1ccccc1,integrated_gradients,10,0.47239263803680986,0.8512754277749495,0.9098939654502001,0.058618537675250604,True,0.47239263803680986
0,CCOC(=O)OC1=C(C)OC(C)C1=O,attention,14,0.8989010989010989,0.8984958251317342,0.9027594979604083,0.0042636728286741254,False,
0,CCOC(=O)OC1=C(C)OC(C)C1=O,integrated_gradients,14,-0.05054945054945055,0.7743683973948161,0.9027594979604083,0.12839110056559222,True,0.002197802197802198
0,COc1ccccc1C(=O)O,attention,11,0.881818181818182,0.8192048917214075,0.8511980834106605,0.031993191689252964,True,
0,COc1ccccc1C(=O)O,integrated_gradients,11,-0.3727272727272728,0.7511427948872248,0.8511980834106605,0.1000552885234357,True,0.1272727272727273
0,C=C1CCC2C1C1C(C(C)C)CCC21C,attention,15,0.9856887298747762,0.8264978639781475,0.8786355009302497,0.05213763695210216,True,
0,C=C1CCC2C1C1C(C(C)C)CCC21C,integrated_gradients,15,0.7924865831842576,0.8190212436020374,0.8786355009302497,0.05961425732821224,True,0.7674418604651163
0,CC=Cc1ccc(OCC)c(OC)c1,attention,14,0.8549450549450549,0.7392245769500733,0.7733337704340617,0.03410919348398844,False,
0,CC=Cc1ccc(OCC)c(OC)c1,integrated_gradients,14,0.18681318681318684,0.681947648525238,0.7733337704340617,0.09138612190882367,True,0.5824175824175825
0,CCC(C)C(=O)OCc1ccccc1,attention,14,0.7802197802197802,0.6577567100524903,0.673541758855184,0.015785048802693713,False,
0,CCC(C)C(=O)OCc1ccccc1,integrated_gradients,14,-0.4681318681318682,0.5656850775082906,0.673541758855184,0.10785668134689341,True,-0.21318681318681318
0,CC(=O)c1cc2c(cc1C)C(C)(C)C(C)CC2(C)C,attention,19,0.8964003511852502,0.7693762719631195,0.8674272422492505,0.09805097028613097,True,
0,CC(=O)c1cc2c(cc1C)C(C)(C)C(C)CC2(C)C,integrated_gradients,19,0.7857769973661106,0.7701230198144913,0.8674272422492505,0.09730422243475922,True,0.8156277436347673
0,CCCCCC1OC(=O)C(C)=C1C,attention,13,0.7747252747252747,0.7700554387910026,0.8314458376594951,0.06139039886849251,True,
0,CCCCCC1OC(=O)C(C)=C1C,integrated_gradients,13,0.08241758241758242,0.7240406317370278,0.8314458376594951,0.10740520592246727,True,0.32967032967032966
0,Cc1ccc2c(c1)OC(=O)C2C,attention,12,0.9020979020979022,0.8396719419039212,0.8723725798038335,0.03270063789991229,True,
0,Cc1ccc2c(c1)OC(=O)C2C,integrated_gradients,12,0.3426573426573427,0.7956861991148728,0.8723725798038335,0.07668638068896072,True,0.3356643356643357
0,COC(=O)c1ccccc1OC,attention,12,0.8951048951048951,0.7111384135026199,0.7794138429256585,0.06827542942303866,True,
0,COC(=O)c1ccccc1OC,integrated_gradients,12,0.23076923076923078,0.6804946340047396,0.7794138429256585,0.09891920892091888,True,0.7762237762237763
0,CC(C)Oc1cc(C=O)ccc1O,attention,13,0.7796143250688705,0.8105681666306087,0.8470682482634272,0.03650008163281848,True,
0,CC(C)Oc1cc(C=O)ccc1O,integrated_gradients,13,-0.5206611570247934,0.7326339270387378,0.8470682482634272,0.11443432122468944,True,-0.0743801652892562
0,COC(=O)c1ccccc1NC=O,attention,13,0.8571428571428571,0.8848619418484824,0.8941119953989984,0.009250053550516002,False,
0,COC(=O)c1ccccc1NC=O,integrated_gradients,13,-0.6813186813186813,0.8640481020723071,0.8941119953989984,0.03006389332669135,True,-0.016483516483516484
0,C=CCc1ccc(OCC)c(OC)c1,attention,14,0.7934065934065934,0.7561503330866496,0.7961196980873745,0.0399693650007249,True,
0,C=CCc1ccc(OCC)c(OC)c1,integrated_gradients,14,0.1384615384615385,0.7272192279497782,0.7961196980873745,0.06890047013759626,True,0.7230769230769231
0,CC(C#N)=Cc1ccccc1,attention,11,0.8807339449541285,0.9124250809351603,0.9241652548313143,0.011740173896154005,True,
0,CC(C#N)=Cc1ccccc1,integrated_gradients,11,-0.2018348623853211,0.8899979839722315,0.9241652548313143,0.03416727085908278,True,0.2018348623853211
0,OCC1COC(Cc2ccccc2)O1,attention,14,0.6644668487276422,0.899814780553182,0.9005484308799107,0.0007336503267286743,False,
0,OCC1COC(Cc2ccccc2)O1,integrated_gradients,14,0.45494505494505494,0.860088845094045,0.9005484308799107,0.040459585785865615,True,0.18681318681318684
0,Cc1ccc(CC(C)C=O)cc1,attention,12,0.964788732394366,0.8672689199447632,0.9051627376904854,0.0378938177457222,True,
0,Cc1ccc(CC(C)C=O)cc1,integrated_gradients,12,0.6690140845070423,0.8076264399748582,0.9051627376904854,0.09753629771562722,True,0.37323943661971826
0,C=C(C)C1CC(=O)C2(C)OC2C1,attention,12,0.8601398601398602,0.7567826096828167,0.8030154597300749,0.04623285004725819,True,
0,C=C(C)C1CC(=O)C2(C)OC2C1,integrated_gradients,12,-0.20979020979020982,0.7167088939593389,0.8030154597300749,0.08630656577073603,True,0.21678321678321683
0,CC(CC(C)(C)C#N)c1ccccc1,attention,14,0.9691629955947136,0.8277363260587056,0.8982562742630641,0.07051994820435847,True,
0,CC(CC(C)(C)C#N)c1ccccc1,integrated_gradients,14,0.788546255506608,0.8216952919960022,0.8982562742630641,0.07656098226706187,True,0.7444933920704846
0,CCCCCOC(=O)Cc1ccccc1,attention,15,0.782142857142857,0.7050857543945312,0.7249490989372134,0.019863344542682126,False,
0,CCCCCOC(=O)Cc1ccccc1,integrated_gradients,15,-0.0964285714285714,0.6484076529741287,0.7249490989372134,0.07654144596308465,True,0.22142857142857136
0,OCC1CCC2C3CCC(C3)C12,attention,12,0.7342657342657343,0.8656755456557641,0.8983567127814659,0.03268116712570179,True,
0,OCC1CCC2C3CCC(C3)C12,integrated_gradients,12,0.7762237762237763,0.8589907059302697,0.8983567127814659,0.03936600685119618,True,0.6643356643356644
0,CNc1ccccc1C(=O)OCC(C)C,attention,15,0.8568872987477639,0.8249164074659348,0.8492963569238782,0.024379949457943417,False,
0,CNc1ccccc1C(=O)OCC(C)C,integrated_gradients,15,-0.39177101967799643,0.8109753392636776,0.8492963569238782,0.038321017660200574,True,0.2880143112701252
0,OC1CCCC1,attention,6,0.39393939393939387,0.7855587175914219,0.8371463303055082,0.051587612714086295,True,
0,OC1CCCC1,integrated_gradients,6,-0.39393939393939387,0.7658253567559379,0.8371463303055082,0.07132097354957034,True,0.9393939393939392
0,C1CCSC1,attention,5,-0.1111111111111111,0.8116209109624227,0.8836725076039633,0.0720515966415406,True,
0,C1CCSC1,integrated_gradients,5,-0.1111111111111111,0.8116209109624227,0.8836725076039633,0.0720515966415406,True,1.0
0,CC(=O)C1CC2=C(C)CC1C(C(C)C)C2,attention,15,0.917710196779964,0.7529456093907356,0.8205891793593765,0.06764356996864085,True,
0,CC(=O)C1CC2=C(C)CC1C(C(C)C)C2,integrated_gradients,15,0.8640429338103757,0.7365689724683762,0.8205891793593765,0.08402020689100032,True,0.8819320214669052
0,Nc1ccccc1C(=O)OCc1ccccc1,attention,17,0.6977886977886977,0.8914774556954702,0.8944579399294323,0.002980484233962133,False,
0,Nc1ccccc1C(=O)OCc1ccccc1,integrated_gradients,17,0.4619164619164618,0.8449209034442902,0.8944579399294323,0.04953703648514218,True,0.044226044226044224
0,CCCCCOC(=O)c1ccccc1O,attention,15,0.575,0.7292005307972431,0.7538890650495886,0.024688534252345518,False,
0,CCCCCOC(=O)c1ccccc1O,integrated_gradients,15,-0.44999999999999996,0.6347437538206577,0.7538890650495886,0.1191453112289309,True,-0.2714285714285714
0,CC(C)C1=CCC(CCOC=O)=CC1,attention,14,0.9427312775330398,0.7599552591641744,0.8161124714215596,0.056157212257385236,True,
0,CC(C)C1=CCC(CCOC=O)=CC1,integrated_gradients,14,0.5638766519823789,0.7184979836146037,0.8161124714215596,0.09761448780695592,True,0.7709251101321586
0,COc1ccc(O)cc1,attention,9,0.7166666666666667,0.7412452459335327,0.8255783969163895,0.08433315098285676,True,
0,COc1ccc(O)cc1,integrated_gradients,9,-0.11666666666666665,0.7194820404052734,0.8255783969163895,0.10609635651111604,True,0.6166666666666666
0,COc1ccccc1C(C)=O,attention,11,0.9272727272727275,0.7245257496833801,0.7820386794706186,0.05751292978723843,True,
0,COc1ccccc1C(C)=O,integrated_gradients,11,0.3545454545454546,0.6923751085996628,0.7820386794706186,0.08966357087095578,True,0.6818181818181819
0,CC1=CCC(CCC(C)CO)C1(C)C,attention,14,0.894273127753304,0.7552277406056722,0.8285443053642908,0.07331656475861859,True,
0,CC1=CCC(CCC(C)CO)C1(C)C,integrated_gradients,14,0.7488986784140971,0.7362476706504821,0.8285443053642908,0.09229663471380867,True,0.8634361233480177
0,O=C(O)c1ccccc1,attention,9,0.8833333333333333,0.9154798090457916,0.9008922404050829,-0.014587568640708759,False,
0,O=C(O)c1ccccc1,integrated_gradients,9,-0.5499999999999999,0.8747197568416596,0.9008922404050829,0.026172483563423277,True,-0.2333333333333333
0,CCCCCCC(=O)OCc1ccccc1,attention,16,0.5486725663716814,0.7417186218149522,0.7718284785747528,0.0301098567598006,False,
0,CCCCCCC(=O)OCc1ccccc1,integrated_gradients,16,-0.519174041297935,0.6875947608667261,0.7718284785747528,0.08423371770802668,True,0.07374631268436578
0,CC(=O)OCC1CCC2CC1C2(C)C,attention,14,0.9295154185022027,0.7288528243700664,0.7956391197443008,0.06678629537423442,True,
0,CC(=O)OCC1CCC2CC1C2(C)C,integrated_gradients,14,0.7268722466960353,0.6861246387163799,0.7956391197443008,0.10951448102792094,True,0.6916299559471367
0,CC(=O)Oc1cccc(C)c1,attention,11,0.9,0.7508131712675095,0.79240562915802,0.04159245789051058,True,
0,CC(=O)Oc1cccc(C)c1,integrated_gradients,11,0.17272727272727276,0.7191708038250605,0.79240562915802,0.07323482533295955,True,0.3272727272727273
0,CC(=O)OCc1ccccc1C,attention,12,0.8531468531468532,0.7052440551611093,0.7635096107537931,0.05826555559268376,True,
0,CC(=O)OCc1ccccc1C,integrated_gradients,12,0.39860139860139865,0.6326721127216632,0.7635096107537931,0.13083749803212985,True,0.43356643356643365
0,CC(=O)C=CC1=C(C)C(=O)CCC1(C)C,attention,15,0.8246869409660106,0.7131805494427681,0.8104842664673925,0.09730371702462437,True,
0,CC(=O)C=CC1=C(C)C(=O)CCC1(C)C,integrated_gradients,15,0.11627906976744184,0.6893848218023777,0.8104842664673925,0.12109944466501477,True,0.4740608228980322
0,CC1C(=O)CC2CC1C2(C)C,attention,11,0.9634703196347033,0.7015171150366465,0.8098835580050947,0.10836644296844822,True,
0,CC1C(=O)CC2CC1C2(C)C,integrated_gradients,11,0.6164383561643836,0.7199907054503759,0.8098835580050947,0.0898928525547188,True,0.8630136986301371
0,C=C(C)c1cccc(C(C)CC=O)c1,attention,14,0.9472527472527472,0.8438129583994548,0.8749797741572063,0.031166815757751487,True,
0,C=C(C)c1cccc(C(C)CC=O)c1,integrated_gradients,14,0.8153846153846154,0.783171284198761,0.8749797741572063,0.09180848995844526,True,0.6483516483516484
0,CCCC(=O)Oc1ccc(C)cc1,attention,13,0.8720778538909562,0.7388721193586077,0.7745873953614917,0.03571527600288393,True,
0,CCCC(=O)Oc1ccc(C)cc1,integrated_gradients,13,0.03296703296703297,0.6634840156350817,0.7745873953614917,0.11110337972640993,True,0.22527472527472525
0,COCCOC(C)OCc1ccccc1,attention,15,0.6321428571428571,0.849902480840683,0.8950449306517839,0.04514244981110094,True,
0,COCCOC(C)OCc1ccccc1,integrated_gradients,15,-0.4428571428571427,0.7953608222305775,0.8950449306517839,0.09968410842120645,True,0.4464285714285714
0,CC(C)CCOC(Cc1ccccc1)OCCC(C)C,attention,20,0.8021148036253777,0.8993966437521435,0.9176074141547792,0.018210770402635745,True,
0,CC(C)CCOC(Cc1ccccc1)OCCC(C)C,integrated_gradients,20,-0.4419306184012066,0.8961997344380334,0.9176074141547792,0.021407679716745842,True,0.22641515882241114
0,CC1(C)C(=O)C2CCC1C2,attention,10,0.9146341463414634,0.6708065217191522,0.8014269457622006,0.1306204240430484,True,
0,CC1(C)C(=O)C2CCC1C2,integrated_gradients,10,0.7560975609756098,0.6703331633047624,0.8014269457622006,0.1310937824574382,True,0.9512195121951219
0,COc1cc(C(C)=O)ccc1O,attention,12,0.7552447552447553,0.80821038209475,0.836779045370909,0.028568663276158923,True,
0,COc1cc(C(C)=O)ccc1O,integrated_gradients,12,-0.0979020979020979,0.7342552909484277,0.836779045370909,0.1025237544224813,True,0.18181818181818185
0,CC(C)C(=O)OCCc1ccccc1,attention,14,0.8370044052863438,0.7028764526049296,0.7200517714023589,0.017175318797429284,False,
0,CC(C)C(=O)OCCc1ccccc1,integrated_gradients,14,-0.3259911894273128,0.6285645047823588,0.7200517714023589,0.09148726662000006,True,-0.02643171806167401
0,Cc1ncc2c(n1)COC2,attention,10,0.5393939393939393,0.8745687495578419,0.9152312861247497,0.04066253656690777,True,
0,Cc1ncc2c(n1)COC2,integrated_gradients,10,0.4424242424242424,0.8249226429245688,0.9152312861247497,0.09030864320018084,True,0.6848484848484848
0,C=CCc1ccc(OC)cc1,attention,11,0.9174311926605505,0.836896742383639,0.8627269496520361,0.025830207268397132,True,
0,C=CCc1ccc(OC)cc1,integrated_gradients,11,0.2018348623853211,0.8017920305331548,0.8627269496520361,0.06093491911888127,True,0.1651376146788991
0,CC1(C)C2CC=C(COC=O)C1C2,attention,13,0.9559228650137741,0.728703647851944,0.826029574445316,0.09732592659337203,True,
0,CC1(C)C2CC=C(COC=O)C1C2,integrated_gradients,13,0.5977961432506887,0.7036306347165789,0.826029574445316,0.12239893972873706,True,0.8457300275482094
0,Cc1ccc(O)c(C(C)(C)C)c1,attention,12,0.9148936170212767,0.7610847353935242,0.8416505726484151,0.08056583725489097,True,
0,Cc1ccc(O)c(C(C)(C)C)c1,integrated_gradients,12,0.7375886524822696,0.7424992322921753,0.8416505726484151,0.09915134035623985,True,0.9290780141843973
0,CC(=O)OC(C)(C)c1ccccc1,attention,13,0.9489664199447052,0.7289876469544002,0.7647167201553071,0.0357290732009069,True,
0,CC(=O)OC(C)(C)c1ccccc1,integrated_gradients,13,0.04132231404958678,0.6752771990639823,0.7647167201553071,0.0894395210913248,True,0.2396694214876033
0,CC(=O)n1ccc2ccccc21,attention,12,0.9720279720279721,0.8920335265306326,0.9061852943438751,0.014151767813242455,True,
0,CC(=O)n1ccc2ccccc21,integrated_gradients,12,0.4545454545454546,0.8935634539677546,0.9061852943438751,0.012621840376120463,False,0.7202797202797203
0,COCC(C)Cc1ccccc1,attention,12,0.9507042253521125,0.8319310729320233,0.8909797984820147,0.05904872554999141,True,
0,COCC(C)Cc1ccccc1,integrated_gradients,12,0.6549295774647887,0.814461730993711,0.8909797984820147,0.0765180674883037,True,0.37323943661971826
0,CC1=CCC(C(C)C)=CC1,attention,10,0.9878048780487806,0.7756479761817239,0.847199595245448,0.07155161906372409,True,
0,CC1=CCC(C(C)C)=CC1,integrated_gradients,10,0.9878048780487806,0.7536328760060397,0.847199595245448,0.09356671923940829,True,0.7439024390243902
0,O=C(O)C(=O)Cc1ccccc1,attention,12,0.9577464788732393,0.8827537940098689,0.8994573281361508,0.016703534126281894,True,
0,O=C(O)C(=O)Cc1ccccc1,integrated_gradients,12,-0.27464788732394363,0.8437754924480731,0.8994573281361508,0.05568183568807761,True,-0.2605633802816901
0,CC(C)c1ccc(C#N)cc1,attention,11,0.8064516129032258,0.8930113861958185,0.9233426786959171,0.030331292500098583,True,
0,CC(C)c1ccc(C#N)cc1,integrated_gradients,11,0.42857142857142855,0.8777212897936503,0.9233426786959171,0.04562138890226686,True,0.32718894009216587
0,CCOC(=O)c1ccc(O)c(O)c1,attention,13,0.6813186813186813,0.8392737209796906,0.8690119262252536,0.029738205245563032,False,
0,CCOC(=O)c1ccc(O)c(O)c1,integrated_gradients,13,-0.5494505494505494,0.7299926664148059,0.8690119262252536,0.13901925981044772,True,-0.41208791208791207
0,CCCCC1(O)C(C)=CC(=O)CC1(C)C,attention,15,0.8354203935599284,0.6865812279284,0.798883518949151,0.11230229102075096,True,
0,CCCCC1(O)C(C)=CC(=O)CC1(C)C,integrated_gradients,15,0.3237924865831842,0.6992485970258713,0.798883518949151,0.09963492192327972,True,0.5599284436493739
0,C=C(C)CCCC(C)CCOC(=O)c1ccccc1,attention,19,0.8947368421052632,0.7515983551740646,0.810520095527172,0.05892174035310738,True,
0,C=C(C)CCCC(C)CCOC(=O)c1ccccc1,integrated_gradients,19,0.46491228070175433,0.7375847727060318,0.810520095527172,0.07293532282114012,True,0.6280701754385966
0,CCCCCCCCCC(=O)OCCCc1ccccc1,attention,21,0.6077922077922078,0.875666696916927,0.883654251288284,0.007987554371357009,False,
0,CCCCCCCCCC(=O)OCCCc1ccccc1,integrated_gradients,21,-0.24545454545454545,0.8349535925821825,0.883654251288284,0.04870065870610152,True,0.34155844155844156
0,Cc1occc1SSCc1ccco1,attention,14,0.38461538461538464,0.8167881409327189,0.8957261407375336,0.07893799980481475,True,
0,Cc1occc1SSCc1ccco1,integrated_gradients,14,-0.49890109890109896,0.7563175241152446,0.8957261407375336,0.1394086166222891,True,0.16043956043956045
0,CC1CCOC(c2ccccc2)C1,attention,13,0.8011049723756906,0.8301437326839992,0.8675210173640933,0.03737728468009405,True,
0,CC1CCOC(c2ccccc2)C1,integrated_gradients,13,0.7845303867403315,0.8193820757525307,0.8675210173640933,0.048138941611562514,True,0.585635359116022
0,CCCCCCCC(C=O)=Cc1ccccc1,attention,17,0.8230958230958231,0.9041163557105594,0.9135559312171407,0.009439575506581366,False,
0,CCCCCCCC(C=O)=Cc1ccccc1,integrated_gradients,17,0.7985257985257985,0.8413170642322965,0.9135559312171407,0.07223886698484427,True,0.42260442260442255
0,CCCCCC(=O)OCc1ccccc1,attention,15,0.5714285714285713,0.6906518936157227,0.7137920893728733,0.02314019575715065,False,
0,CCCCCC(=O)OCc1ccccc1,integrated_gradients,15,-0.39999999999999997,0.6271375939249992,0.7137920893728733,0.08665449544787407,True,0.22499999999999998
0,CC(=O)OC1CCCC1,attention,9,0.8117225864930513,0.705876886844635,0.7416033101081848,0.0357264232635498,True,
0,CC(=O)OC1CCCC1,integrated_gradients,9,0.0,0.6800804674625397,0.7416033101081848,0.061522842645645115,True,0.15899720766358738
0,CCCC1CCOC(C)S1,attention,10,0.49090909090909085,0.7866398963061246,0.8849534059112723,0.09831350960514762,True,
0,CCCC1CCOC(C)S1,integrated_gradients,10,-0.4424242424242424,0.7558446689085527,0.8849534059112723,0.12910873700271952,True,0.5272727272727272
0,C=C(OCC)C1C(C)(C)CC(=O)CC1(C)C,attention,16,0.872324960805294,0.7135302284184624,0.8022339855923374,0.08870375717387502,True,
0,C=C(OCC)C1C(C)(C)CC(=O)CC1(C)C,integrated_gradients,16,0.11209439528023597,0.7138186798376196,0.8022339855923374,0.08841530575471779,True,0.6224188790560471
0,Cc1ccc2ccc(=O)oc2c1,attention,12,0.8251748251748254,0.8786389644329364,0.8961194490010922,0.017480484568155763,True,
0,Cc1ccc2ccc(=O)oc2c1,integrated_gradients,12,0.3216783216783217,0.8654750906504117,0.8961194490010922,0.030644358350680467,True,0.6433566433566434
0,CC(C)CCOC(=O)Cc1ccccc1,attention,15,0.8533094812164579,0.6790999807417393,0.7268692091107368,0.04776922836899755,True,
0,CC(C)CCOC(=O)Cc1ccccc1,integrated_gradients,15,-0.4168157423971377,0.6349392421543598,0.7268692091107368,0.09192996695637701,True,0.008944543828264756
0,c1ccc(Cc2ccccc2)cc1,attention,13,0.7734806629834254,0.9370863309928349,0.9393730670213699,0.002286736028535019,False,
0,c1ccc(Cc2ccccc2)cc1,integrated_gradients,13,0.23756906077348067,0.9143613449164799,0.9393730670213699,0.02501172210489,True,0.0994475138121547
0,CC1=CC(=O)CC(C)(C)C1,attention,10,0.9024390243902439,0.6593368920412931,0.7753421019424093,0.11600520990111618,True,
0,CC1=CC(=O)CC(C)(C)C1,integrated_gradients,10,0.08536585365853659,0.6738804470409047,0.7753421019424093,0.1014616549015046,True,0.5609756097560976
0,Cc1ccccc1S,attention,8,0.5714285714285715,0.8473196294572618,0.8873931119839351,0.04007348252667331,True,
0,Cc1ccccc1S,integrated_gradients,8,-0.5714285714285715,0.8070438967810737,0.8873931119839351,0.08034921520286142,True,-0.2380952380952381
0,CCOc1cc(C=O)ccc1OC(C)=O,attention,15,0.8821428571428571,0.7917089685797691,0.8053237261250615,0.0136147575452924,False,
0,CCOc1cc(C=O)ccc1OC(C)=O,integrated_gradients,15,-0.23571428571428568,0.6939518749713898,0.8053237261250615,0.11137185115367176,True,-0.075
0,COCc1ccc(OC)cc1,attention,11,0.7889908256880733,0.7194111347198486,0.8096365486582119,0.09022541393836325,True,
0,COCc1ccc(OC)cc1,integrated_gradients,11,0.009174311926605505,0.7140576640764872,0.8096365486582119,0.0955788845817247,True,0.8440366972477066
0,CC(=O)OC(C)C1CC=C(C)C1(C)C,attention,14,0.9559471365638768,0.6799292743206025,0.7652833237250646,0.08535404940446212,True,
0,CC(=O)OC(C)C1CC=C(C)C1(C)C,integrated_gradients,14,0.7753303964757711,0.6742328822612762,0.7652833237250646,0.09105044146378838,True,0.7841409691629957
0,CC1(C)CCCC2C(=O)C3CCC21C3,attention,14,0.881057268722467,0.7618810335795084,0.8458625980218251,0.08398156444231664,True,
0,CC1(C)CCCC2C(=O)C3CCC21C3,integrated_gradients,14,0.9339207048458151,0.7435978412628174,0.8458625980218251,0.1022647567590077,True,0.7753303964757711
0,O=C1OC(C(O)CO)C(O)=C1O,attention,12,0.8881118881118882,0.961285031758822,0.9443993164942812,-0.016885715264540746,False,
0,O=C1OC(C(O)CO)C(O)=C1O,integrated_gradients,12,-0.7202797202797203,0.8608281291448153,0.9443993164942812,0.08357118734946589,True,-0.7482517482517484
0,CSc1ccccc1,attention,8,0.6190476190476191,0.8180763721466064,0.8909736345211664,0.07289726237455996,True,
0,CSc1ccccc1,integrated_gradients,8,0.14285714285714288,0.7938395275010003,0.8909736345211664,0.09713410702016612,True,0.30952380952380953
0,CC(O)C(=O)OCc1ccccc1,attention,13,0.8154300914161847,0.8367978291852134,0.8327364031757627,-0.004061426009450697,False,
0,CC(O)C(=O)OCc1ccccc1,integrated_gradients,13,-0.33516483516483514,0.7589479642254966,0.8327364031757627,0.0737884389502661,True,0.14285714285714285
0,CC1(CO)CC1CC1CC2CC2(C)C1(C)C,attention,16,0.9086892488954343,0.7913534816573647,0.8806540468159845,0.08930056515861973,True,
0,CC1(CO)CC1CC1CC2CC2(C)C1(C)C,integrated_gradients,16,0.6318114874815904,0.7986778932459214,0.8806540468159845,0.08197615357006305,True,0.8144329896907216
0,CC(C)(c1ccc(O)cc1)c1ccc(O)cc1,attention,17,0.6363636363636364,0.8867474496364594,0.9132839603556526,0.026536510719193274,True,
0,CC(C)(c1ccc(O)cc1)c1ccc(O)cc1,integrated_gradients,17,0.797979797979798,0.8666349550088247,0.9132839603556526,0.04664900534682792,True,0.2777777777777778
0,CCCOC(=O)c1ccccc1,attention,12,0.7746478873239435,0.7372939173991864,0.7945786136847277,0.05728469628554134,True,
0,CCCOC(=O)c1ccccc1,integrated_gradients,12,0.21126760563380279,0.6937020466877863,0.7945786136847277,0.10087656699694136,True,0.2253521126760563
0,CC1CCC(C(C)C)CC1=O,attention,11,0.8904109589041096,0.7420568366845449,0.8194472208619118,0.07739038417736688,True,
0,CC1CCC(C(C)C)CC1=O,integrated_gradients,11,0.1415525114155251,0.7484870254993439,0.8194472208619118,0.07096019536256792,True,0.31506849315068497
0,CCCCCCCC1CC=CC(=O)O1,attention,14,0.6615384615384616,0.7725283622741699,0.7916182269652685,0.019089864691098635,False,
0,CCCCCCCC1CC=CC(=O)O1,integrated_gradients,14,-0.4153846153846154,0.6954701542854309,0.7916182269652685,0.0961480726798376,True,-0.04175824175824176
0,CC1OCC2(CC=CCC2C)CO1,attention,13,0.7282765548412854,0.7990279964038304,0.8578274954642569,0.058799499060426474,True,
0,CC1OCC2(CC=CCC2C)CO1,integrated_gradients,13,0.7417582417582418,0.81102312036923,0.8578274954642569,0.046804375095026884,True,0.18982136251885168
0,CC=Cc1ccc(OC=O)c(OC)c1,attention,14,0.8901098901098902,0.7905276695887248,0.8255016056696574,0.03497393608093258,True,
0,CC=Cc1ccc(OC=O)c(OC)c1,integrated_gradients,14,0.0989010989010989,0.7571790178616842,0.8255016056696574,0.06832258780797318,True,0.5560439560439561
0,CCCC=CCOC(=O)Cc1ccccc1,attention,16,0.7168141592920353,0.7769903926288381,0.8213603889240938,0.04436999629525573,True,
0,CCCC=CCOC(=O)Cc1ccccc1,integrated_gradients,16,-0.08849557522123892,0.7407820505254409,0.8213603889240938,0.08057833839865292,True,0.23598820058997047
0,CC1=C(O)C(=O)C(C(C)C)CC1,attention,12,0.7192982456140352,0.85693247960164,0.8860113198940571,0.02907884029241714,False,
0,CC1=C(O)C(=O)C(C(C)C)CC1,integrated_gradients,12,-0.2280701754385965,0.7788882438953106,0.8860113198940571,0.10712307599874649,True,0.1298245614035088
0,CCCc1ccc(O)cc1,attention,10,0.3742331288343559,0.8888140266591852,0.8878331357782535,-0.000980890880931673,False,
0,CCCc1ccc(O)cc1,integrated_gradients,10,0.7177914110429449,0.8653815171935342,0.8878331357782535,0.022451618584719335,True,0.5950920245398773
0,CC(=O)c1ccc(C)cc1,attention,10,0.8650306748466259,0.8141475374048407,0.8718180735002864,0.0576705360954457,True,
0,CC(=O)c1ccc(C)cc1,integrated_gradients,10,0.9631901840490799,0.8143760020082648,0.8718180735002864,0.05744207149202163,True,0.9877300613496933
0,CC(=O)OC(C)CCc1ccccc1,attention,14,0.8725274725274725,0.7229655623435974,0.7704553757111231,0.04748981336752567,True,
0,CC(=O)OC(C)CCc1ccccc1,integrated_gradients,14,0.4813186813186813,0.6998331268628438,0.7704553757111231,0.07062224884827928,True,0.5164835164835165
0,CCc1ccc(C=O)cc1,attention,10,0.6932515337423313,0.9020080078731884,0.8970003455877302,-0.005007662285458125,False,
0,CCc1ccc(C=O)cc1,integrated_gradients,10,0.8773006134969326,0.8467455289580605,0.8970003455877302,0.050254816629669685,True,0.6441717791411044
0,Sc1ccccc1,attention,7,-0.07142857142857144,0.8701418489217758,0.9019346348941326,0.031792785972356796,True,
0,Sc1ccccc1,integrated_gradients,7,-0.03571428571428572,0.8507656455039978,0.9019346348941326,0.05116898939013481,True,0.1785714285714286
0,OCCCCCc1ccccc1,attention,12,0.4647887323943661,0.923991308762477,0.9268068325061065,0.0028155237436294778,False,
0,OCCCCCc1ccccc1,integrated_gradients,12,0.7042253521126761,0.8648286278431232,0.9268068325061065,0.061978204662983316,True,0.21830985915492954
0,Cc1ccc2c(c1)C(C(C)C)CCC2C,attention,15,0.9355992844364937,0.8514358438551426,0.8908907936885953,0.03945494983345266,True,
0,Cc1ccc2c(c1)C(C(C)C)CCC2C,integrated_gradients,15,0.667262969588551,0.8409809842705727,0.8908907936885953,0.04990980941802259,True,0.6815742397137745
0,COC(=O)Cc1ccc(C(C)(C)C)cc1,attention,15,0.9676855810757825,0.6560843288898468,0.7872081562876702,0.13112382739782336,True,
0,COC(=O)Cc1ccc(C(C)(C)C)cc1,integrated_gradients,15,0.6135957066189625,0.6499797664582729,0.7872081562876702,0.13722838982939722,True,0.7713032402588934
0,C=C1CCC2CC1C2(C)C,attention,10,0.9634146341463414,0.7622496648268267,0.8506077473813838,0.08835808255455713,True,
0,C=C1CCC2CC1C2(C)C,integrated_gradients,10,0.9390243902439026,0.76411602713845,0.8506077473813838,0.08649172024293383,True,0.9512195121951219
0,CC(=CC=O)CCC1CC1(C)C,attention,12,0.9368421052631579,0.6596641357128437,0.7947947982412118,0.13513066252836814,True,
0,CC(=CC=O)CCC1CC1(C)C,integrated_gradients,12,0.7894736842105264,0.6255696347126594,0.7947947982412118,0.16922516352855244,True,0.649122807017544
0,CC1OC(c2ccc3c(c2)OCO3)OC1C,attention,16,0.7488921713441654,0.8290123273344601,0.8765255703645594,0.047513243030099295,True,
0,CC1OC(c2ccc3c(c2)OCO3)OC1C,integrated_gradients,16,-0.4416543574593796,0.7353100005318137,0.8765255703645594,0.14121556983274564,True,0.09601181683899557
0,CC(=O)CC(C)(C)c1ccccc1,attention,13,0.9379319266895343,0.7018813874040332,0.796680094727448,0.09479870732341489,True,
0,CC(=O)CC(C)(C)c1ccccc1,integrated_gradients,13,0.8292011019283746,0.7081787969384875,0.796680094727448,0.08850129778896054,True,0.8677685950413224
0,CCOC(=O)CCc1ccccc1,attention,13,0.8186813186813187,0.7063516250678471,0.7954218202403613,0.08907019517251424,True,
0,CCOC(=O)CCc1ccccc1,integrated_gradients,13,0.07142857142857142,0.6914268689496177,0.7954218202403613,0.10399495129074365,True,0.34615384615384615
1,COc1ccc(COC(=O)C(C)C)cc1,attention,15,0.9214285714285713,0.813183531165123,0.7924910018220543,-0.020692529343068644,False,
1,COc1ccc(COC(=O)C(C)C)cc1,integrated_gradients,15,-0.5142857142857142,0.6596771404147148,0.7924910018220543,0.13281386140733953,True,0.15
1,CCOC(=O)C=Cc1ccccc1,attention,13,0.7472527472527472,0.857266502720969,0.841713115147182,-0.015553387573787103,False,
1,CCOC(=O)C=Cc1ccccc1,integrated_gradients,13,-0.30769230769230765,0.7211435522351947,0.841713115147182,0.12056956291198728,True,-0.13736263736263735
1,Cc1cc(CC(C)C)ccc1CCC=O,attention,15,0.8354203935599284,0.8202417269349098,0.8631022244691848,0.04286049753427501,True,
1,Cc1cc(CC(C)C)ccc1CCC=O,integrated_gradients,15,0.21645796064400716,0.8473317287862301,0.8631022244691848,0.015770495682954744,False,0.5205724508050089
1,CCCCOC(=O)c1ccc(O)c(OC)c1,attention,16,0.8382352941176471,0.8145665140712962,0.7899970889091492,-0.024569425162146996,False,
1,CCCCOC(=O)c1ccc(O)c(OC)c1,integrated_gradients,16,-0.65,0.630484451265896,0.7899970889091492,0.15951263764325319,True,0.10882352941176471
1,CC=CC(=O)OC(C)(C)Cc1ccccc1,attention,16,0.8995568685376663,0.8328405162867378,0.8662126434199949,0.0333721271332571,True,
1,CC=CC(=O)OC(C)(C)Cc1ccccc1,integrated_gradients,16,0.2909896602658789,0.7819936976713293,0.8662126434199949,0.08421894574866562,True,0.465288035450517
1,C=C(C)C1CCC(C)CC1=O,attention,11,0.6636363636363638,0.7416997800270716,0.7832282977799575,0.04152851775288591,True,
1,C=C(C)C1CCC(C)CC1=O,integrated_gradients,11,-0.7636363636363637,0.6700005680322647,0.7832282977799575,0.1132277297476928,True,-0.018181818181818184
1,CCCOC(=O)C=Cc1ccccc1,attention,14,0.7832788018113928,0.8548332850138346,0.8240182443459828,-0.03081504066785179,False,
1,CCCOC(=O)C=Cc1ccccc1,integrated_gradients,14,-0.27912087912087913,0.6948836803436279,0.8240182443459828,0.1291345640023549,True,-0.20242036451305656
1,CC(C)CC=C(C=O)c1ccccc1,attention,14,0.9295154185022027,0.8352899591128031,0.8523765750726062,0.017086615959803098,False,
1,CC(C)CC=C(C=O)c1ccccc1,integrated_gradients,14,0.3303964757709251,0.8120681524276734,0.8523765750726062,0.04030842264493284,True,-0.022026431718061675
1,CC(C)c1ccc(CCC=O)cc1,attention,13,0.790633608815427,0.781478294304439,0.845417212162699,0.06393891785826,True,
1,CC(C)c1ccc(CCC=O)cc1,integrated_gradients,13,-0.21212121212121213,0.8402083814144135,0.845417212162699,0.005208830748285598,False,0.3057851239669422
1,CCC(=O)c1cc(OC)c(O)c(OC)c1,attention,15,0.8321428571428571,0.789615087211132,0.8120433549396694,0.022428267728537343,False,
1,CCC(=O)c1cc(OC)c(O)c(OC)c1,integrated_gradients,15,-0.7214285714285712,0.6200133450329304,0.8120433549396694,0.19203000990673902,True,-0.22499999999999998
1,CC(C)(C)C1CCCCC1=O,attention,11,0.888888888888889,0.7120313197374344,0.8126540817320347,0.1006227619946003,True,
1,CC(C)(C)C1CCCCC1=O,integrated_gradients,11,0.04629629629629629,0.6835169543822607,0.8126540817320347,0.129137127349774,True,0.45370370370370366
1,COc1ccc(CO)cc1OC,attention,12,0.7692307692307694,0.7037844749597403,0.7724299967288971,0.06864552176915684,True,
1,COc1ccc(CO)cc1OC,integrated_gradients,12,-0.5594405594405596,0.6680485285245455,0.7724299967288971,0.10438146820435157,True,0.27272727272727276
1,CCCCCCCC1(C(=O)O)CC1,attention,13,0.7527472527472527,0.8063506441456931,0.7860144391655922,-0.020336204980100914,False,
1,CCCCCCCC1(C(=O)O)CC1,integrated_gradients,13,0.17331515708242978,0.6679339281150273,0.7860144391655922,0.11808051105056494,True,-0.027472527472527472
1,CCc1ccc(CC=COC)cc1,attention,13,0.6740033886538936,0.8283820492880685,0.8625886595674922,0.03420661027942373,True,
1,CCc1ccc(CC=COC)cc1,integrated_gradients,13,0.21978021978021978,0.8135932769094195,0.8625886595674922,0.048995382658072684,True,0.8693268196515526
1,CCC(CC)C(=O)N(C)c1cccc(C)c1,attention,16,0.9056047197640116,0.7926368643255794,0.8287110118304982,0.036074147504918774,True,
1,CCC(CC)C(=O)N(C)c1cccc(C)c1,integrated_gradients,16,0.18289085545722708,0.7513304738437429,0.8287110118304982,0.07738053798675537,True,0.542772861356932
1,Cc1ccc(O)cc1,attention,8,0.6428571428571429,0.7917537225617303,0.8205006662342283,0.028746943672498082,True,
1,Cc1ccc(O)cc1,integrated_gradients,8,-0.4523809523809524,0.7540943887498643,0.8205006662342283,0.066406277484364,True,0.11904761904761905
1,CCC1=C(C)C(=O)CC(C)C1CC,attention,13,0.8571428571428571,0.7639528981276921,0.8327384652835983,0.06878556715590622,True,
1,CCC1=C(C)C(=O)CC(C)C1CC,integrated_gradients,13,-0.41208791208791207,0.7333246384348188,0.8327384652835983,0.09941382684877953,True,0.3021978021978022
1,CC(=O)OC1CC2CC1C1CCCC21,attention,14,0.8857142857142857,0.8175098339716593,0.866453193028768,0.04894335905710867,True,
1,CC(=O)OC1CC2CC1C1CCCC21,integrated_gradients,14,-0.14725274725274726,0.8239752133687337,0.866453193028768,0.042477979660034304,True,0.4065934065934066
1,CC1CC(C)c2nccnc21,attention,11,0.9255813953488374,0.8225215474764506,0.8734107551475366,0.05088920767108607,False,
1,CC1CC(C)c2nccnc21,integrated_gradients,11,-0.27441860465116286,0.6898642927408218,0.8734107551475366,0.1835464624067148,True,0.5627906976744188
1,c1ccc2c(c1)CCCN2,attention,10,0.4424242424242424,0.8160721117799933,0.8463118379766291,0.03023972619663584,True,
1,c1ccc2c(c1)CCCN2,integrated_gradients,10,0.5515151515151515,0.7966455221176147,0.8463118379766291,0.049666315859014376,True,0.7575757575757575
1,CC1CCC(=O)C1=O,attention,8,0.7619047619047621,0.7722025182512071,0.7898425130380524,0.017639994786845303,False,
1,CC1CCC(=O)C1=O,integrated_gradients,8,-0.6904761904761906,0.5856906076272329,0.7898425130380524,0.2041519054108195,True,0.30952380952380953
1,COc1cc(CCC(C)=O)ccc1O,attention,14,0.6615384615384616,0.7138711452484131,0.7463826059301695,0.032511460681756366,False,
1,COc1cc(CCC(C)=O)ccc1O,integrated_gradients,14,-0.7010989010989012,0.5836712002754212,0.7463826059301695,0.1627114056547483,True,0.07692307692307693
1,CCOC(=O)c1ccccc1CO,attention,13,0.8021978021978022,0.8397703851972308,0.7885583251714706,-0.051212060025760175,False,
1,CCOC(=O)c1ccccc1CO,integrated_gradients,13,-0.3626373626373627,0.6684513645512717,0.7885583251714706,0.12010696062019888,True,0.15384615384615383
1,CCOC(=O)CC(=O)c1ccccc1,attention,14,0.8857142857142857,0.8388444662094117,0.7929434605439504,-0.04590100566546129,False,
1,CCOC(=O)CC(=O)c1ccccc1,integrated_gradients,14,-0.0857142857142857,0.6407244602839152,0.7929434605439504,0.1522190002600352,True,0.07692307692307693
1,CC1(C)C2CCC(CS)C1C2,attention,11,0.8082191780821917,0.8984603782494863,0.9283105000853537,0.029850121835867327,False,
1,CC1(C)C2CCC(CS)C1C2,integrated_gradients,11,0.497716894977169,0.8965241213639578,0.9283105000853537,0.03178637872139589,True,0.4885844748858448
1,CC(C)COC(=O)C=Cc1ccccc1,attention,15,0.7924865831842576,0.8499403484165668,0.8363262984901667,-0.01361404992640014,False,
1,CC(C)COC(=O)C=Cc1ccccc1,integrated_gradients,15,-0.13416815742397137,0.7246930785477161,0.8363262984901667,0.11163321994245057,True,0.35957066189624326
1,O=CCOCCc1ccccc1,attention,12,0.6478873239436619,0.754531415609213,0.8160645338205189,0.061533118211305915,True,
1,O=CCOCCc1ccccc1,integrated_gradients,12,-0.09859154929577463,0.7177836894989014,0.8160645338205189,0.09828084432161754,True,0.15492957746478872
1,CC1(C)COC2(CCCCC2)OC1,attention,13,0.43490304709141275,0.7859411495072501,0.8447764828801155,0.058835333372865395,True,
1,CC1(C)COC2(CCCCC2)OC1,integrated_gradients,13,-0.11357340720221608,0.7804689364773887,0.8447764828801155,0.06430754640272685,True,0.6620498614958449
1,CC1(S)CCC2CC1C2(C)C,attention,11,0.7351598173515982,0.8577209413051605,0.9182268589735031,0.06050591766834257,True,
1,CC1(S)CCC2CC1C2(C)C,integrated_gradients,11,0.32420091324200917,0.8079434037208557,0.9182268589735031,0.11028345525264738,True,0.5159817351598174
1,C=Cc1cc(OC)c(O)c(OC)c1,attention,13,0.7603334636177939,0.7429100062165942,0.7920226980532918,0.04911269183669764,True,
1,C=Cc1cc(OC)c(O)c(OC)c1,integrated_gradients,13,-0.6153846153846153,0.7190050993646894,0.7920226980532918,0.07301759868860247,True,0.21428571428571427
1,CCC(C=O)=Cc1ccccc1,attention,12,0.8591549295774646,0.8131666825367854,0.7990669667720793,-0.014099715764706033,False,
1,CCC(C=O)=Cc1ccccc1,integrated_gradients,12,-0.1690140845070422,0.7228894875599787,0.7990669667720793,0.07617747921210061,True,-0.4295774647887323
1,CC(C)(C)c1ccc(CCC=O)cc1,attention,14,0.8079916186305925,0.8012693603833516,0.8675610933701199,0.06629173298676827,True,
1,CC(C)(C)c1ccc(CCC=O)cc1,integrated_gradients,14,0.42793791574279383,0.8279012680053711,0.8675610933701199,0.03965982536474877,True,0.7427937915742795
1,Cc1nc2ccccc2s1,attention,10,0.8060606060606059,0.8311908461830833,0.8446181906895204,0.013427344506437122,False,
1,Cc1nc2ccccc2s1,integrated_gradients,10,-0.09090909090909088,0.7175440192222595,0.8446181906895204,0.12707417146726085,True,0.5272727272727272
1,CC1=C(C)CC2(COCOC2)C(C)C1,attention,14,0.969094922737307,0.7972775936126709,0.8794226630528768,0.08214506944020583,True,
1,CC1=C(C)CC2(COCOC2)C(C)C1,integrated_gradients,14,-0.19646799116997793,0.7636968572934468,0.8794226630528768,0.11572580575942992,True,0.3686534216335541
1,C1CNCCN1.O=C(O)CCCCC(=O)O,attention,16,0.43979069892987643,0.9365315998301786,0.9205544254359077,-0.015977174394270932,False,
1,C1CNCCN1.O=C(O)CCCCC(=O)O,integrated_gradients,16,-0.6831091180866966,0.7689220414442175,0.9205544254359077,0.1516323839916902,True,-0.014958867310540013
1,O=C(O)C1CCCN1,attention,8,0.6190476190476191,0.9217250612046983,0.9019609994358486,-0.019764061768849706,False,
1,O=C(O)C1CCCN1,integrated_gradients,8,-0.7857142857142858,0.7612366676330566,0.9019609994358486,0.14072433180279198,True,0.023809523809523815
1,CC(C)C(=O)[O-].CCOc1cc(C=O)ccc1O,attention,18,0.7747933884297522,0.8642099970265439,0.8606776118278503,-0.0035323851986935884,False,
1,CC(C)C(=O)[O-].CCOc1cc(C=O)ccc1O,integrated_gradients,18,-0.21487603305785125,0.6813101454784996,0.8606776118278503,0.17936746634935075,True,0.1446280991735537
1,O=CC1CCC2C3CCC(C3)C12,attention,12,0.7622377622377624,0.8299607221896832,0.8475070446729658,0.017546322483282584,True,
1,O=CC1CCC2C3CCC(C3)C12,integrated_gradients,12,-0.5244755244755246,0.8379180202117333,0.8475070446729658,0.009589024461232443,True,-0.49650349650349657
1,Cc1ccc(C(C)C=O)cc1,attention,11,0.9174311926605505,0.7889938602844874,0.8399986440936725,0.05100478380918516,True,
1,Cc1ccc(C(C)C=O)cc1,integrated_gradients,11,0.24770642201834864,0.7969060887893041,0.8399986440936725,0.043092555304368396,True,0.10091743119266056
1,O=C1CCC=CCCCCCCCCCC1,attention,16,0.06921944035346098,0.8399365298888263,0.846100003403776,0.006163473514949724,False,
1,O=C1CCC=CCCCCCCCCCC1,integrated_gradients,16,0.047058823529411764,0.8106366991996765,0.846100003403776,0.03546330420409949,True,-0.03090508562952616
1,COc1ccc(COC(=O)Cc2ccccc2)cc1,attention,19,0.8325275529552076,0.8554940462112427,0.8538831077516079,-0.0016109384596347809,False,
1,COc1ccc(COC(=O)Cc2ccccc2)cc1,integrated_gradients,19,0.04745166959578208,0.7804115444421769,0.8538831077516079,0.07347156330943105,True,0.21538463619221318
1,CC=Cc1cc(OC)c(O)c(OC)c1,attention,14,0.8505494505494505,0.7529216567675273,0.7895398288965225,0.03661817212899521,False,
1,CC=Cc1cc(OC)c(O)c(OC)c1,integrated_gradients,14,-0.3406593406593406,0.6907828450202942,0.7895398288965225,0.09875698387622833,True,0.48571428571428577
1,CC1OC=CC1=O,attention,7,0.8928571428571429,0.802970364689827,0.7997661989182234,-0.00320416577160354,False,
1,CC1OC=CC1=O,integrated_gradients,7,-0.8214285714285715,0.5551011711359024,0.7997661989182234,0.24466502778232102,True,-0.21428571428571433
1,CC(C)(O)c1ccccc1,attention,10,0.9629629629629629,0.846533780748194,0.8647471270777963,0.018213346329602365,True,
1,CC(C)(O)c1ccccc1,integrated_gradients,10,-0.2222222222222222,0.8630099296569824,0.8647471270777963,0.0017371974208139074,False,-0.4444444444444444
1,CC(C)C(C=O)c1ccccc1,attention,12,0.9293286219081273,0.8414758031184857,0.8622209005630932,0.020745097444607508,True,
1,CC(C)C(C=O)c1ccccc1,integrated_gradients,12,-0.06007067137809187,0.8379184832939734,0.8622209005630932,0.024302417269119747,True,0.16607773851590105
1,CCOC(=O)C(O)Cc1ccccc1,attention,14,0.8800885413611155,0.8496212601661682,0.8474930067857109,-0.002128253380457301,False,
1,CCOC(=O)C(O)Cc1ccccc1,integrated_gradients,14,-0.5208791208791209,0.74031001329422,0.8474930067857109,0.10718299349149096,True,-0.04840486977486136
1,COC(C=Cc1ccccc1)OC,attention,13,0.871370128087924,0.826240496976035,0.8590886780193874,0.03284818104335241,True,
1,COC(C=Cc1ccccc1)OC,integrated_gradients,13,-0.11049723756906077,0.787068954535893,0.8590886780193874,0.07201972348349439,True,0.3812154696132597
1,CC1=CC(=O)C2CC1C2(C)C,attention,11,0.771689497716895,0.7554830114046732,0.822307188808918,0.06682417740424473,True,
1,CC1=CC(=O)C2CC1C2(C)C,integrated_gradients,11,0.13242009132420093,0.7535954018433889,0.822307188808918,0.06871178696552904,True,0.6073059360730594
1,CCCC(=O)OC(CC)c1ccccc1,attention,15,0.7357142857142855,0.857338298112154,0.8187175849452615,-0.03862071316689253,False,
1,CCCC(=O)OC(CC)c1ccccc1,integrated_gradients,15,-0.7285714285714285,0.7009730897843838,0.8187175849452615,0.1177444951608777,True,-0.18214285714285713
1,CC12CCCC(OC=O)(C1)C1CC(C)(C)C1CC2,attention,18,0.8099173553719009,0.8231054513077987,0.8878540721378829,0.06474862083008426,True,
1,CC12CCCC(OC=O)(C1)C1CC(C)(C)C1CC2,integrated_gradients,18,0.19421487603305787,0.7686787247657776,0.8878540721378829,0.11917534737210533,True,0.4545454545454546
1,CC(COC(=O)c1ccccc1)OC(=O)c1ccccc1,attention,21,0.7682293294757019,0.901435372504321,0.8790967365557496,-0.02233863594857144,False,
1,CC(COC(=O)c1ccccc1)OC(=O)c1ccccc1,integrated_gradients,21,-0.1989596879063719,0.8091406415809285,0.8790967365557496,0.06995609497482114,True,0.1983739942295723
1,COc1ccc2ccc(=O)oc2c1,attention,13,0.8406593406593407,0.7733076172215598,0.7952798819967679,0.021972264775208084,False,
1,COc1ccc2ccc(=O)oc2c1,integrated_gradients,13,-0.3626373626373627,0.7258122137614659,0.7952798819967679,0.06946766823530204,True,0.32417582417582413
1,C=C(C)C1CCC(C)=CC1=O,attention,11,0.5636363636363637,0.7242166226108869,0.775932236512502,0.051715613901615054,True,
1,C=C(C)C1CCC(C)=CC1=O,integrated_gradients,11,-0.44545454545454555,0.6247976471980413,0.775932236512502,0.15113458931446067,True,0.14545454545454548
1,O.O.O.O.O.O.O.O.OB1O[B-]2(O)OB(O)O[B-](O)(O1)O2.[Na+].[Na+],attention,23,0.9707317073170733,0.9836774691939354,0.9813368244717517,-0.002340644722183649,False,
1,O.O.O.O.O.O.O.O.OB1O[B-]2(O)OB(O)O[B-](O)(O1)O2.[Na+].[Na+],integrated_gradients,23,-0.5137662337662338,0.9726864919066429,0.9813368244717517,0.008650332565108831,True,-0.28706729230281414
1,c1coc(CSCc2ccco2)c1,attention,13,0.39669572014841425,0.7938240170478821,0.867192407803876,0.07336839075599388,True,
1,c1coc(CSCc2ccco2)c1,integrated_gradients,13,-0.5659340659340659,0.6374743687255042,0.867192407803876,0.22971803907837174,True,-0.1349867381060576
1,CC(=O)C=Cc1ccccc1,attention,11,0.8256880733944955,0.8256602783997854,0.8202859545747438,-0.005374323825041549,False,
1,CC(=O)C=Cc1ccccc1,integrated_gradients,11,-0.8532110091743119,0.742715577284495,0.8202859545747438,0.07757037729024885,True,-0.7614678899082569
1,CCOc1ccc(C(C)=O)cc1,attention,12,0.6971830985915491,0.6904890376787919,0.6902162553026125,-0.00027278237617933687,False,
1,CCOc1ccc(C(C)=O)cc1,integrated_gradients,12,-0.37323943661971826,0.5313174197307,0.6902162553026125,0.15889883557191253,True,0.0845070422535211
1,CCCCCC#CC(=O)OCc1ccccc1,attention,17,0.6142506142506142,0.8902616533968184,0.8948099311855102,0.0045482777886918235,False,
1,CCCCCC#CC(=O)OCc1ccccc1,integrated_gradients,17,-0.5675675675675675,0.8320056166913774,0.8948099311855102,0.06280431449413282,True,0.25307125307125306
1,O=C(C=Cc1ccccc1)OC1CCCCC1,attention,17,0.5492610837438423,0.8475335207250383,0.8450192928314209,-0.002514227893617438,False,
1,O=C(C=Cc1ccccc1)OC1CCCCC1,integrated_gradients,17,-0.3891625615763546,0.7613352669609917,0.8450192928314209,0.08368402587042911,True,0.3152709359605911
1,CCOC(=O)Cc1ccccc1,attention,12,0.8380281690140844,0.8300030277325556,0.8222146559220095,-0.007788371810546146,False,
1,CCOC(=O)Cc1ccccc1,integrated_gradients,12,-0.10563380281690139,0.6858217532818134,0.8222146559220095,0.1363929026401961,True,0.21830985915492954
1,O=C(OC1CCCCC1)c1ccccc1O,attention,16,0.59882005899705,0.8264183296876795,0.8192122867878744,-0.007206042899805087,False,
1,O=C(OC1CCCCC1)c1ccccc1O,integrated_gradients,16,-0.5929203539823008,0.6926216027315926,0.8192122867878744,0.12659068405628182,True,0.15339233038348082
1,CC(=O)C1(C)CC2=C(CCCC2(C)C)CC1C,attention,17,0.8625766871165644,0.8006139695644379,0.88162338634332,0.08100941677888218,True,
1,CC(=O)C1(C)CC2=C(CCCC2(C)C)CC1C,integrated_gradients,17,0.10920245398773007,0.7870707776811388,0.88162338634332,0.09455260866218129,True,0.6760736196319019
1,CCc1cc(OC)c(O)c(OC)c1,attention,13,0.8390654430181124,0.7741216974599021,0.816556790471077,0.042435093011174874,True,
1,CCc1cc(OC)c(O)c(OC)c1,integrated_gradients,13,-0.24175824175824176,0.7090688305241721,0.816556790471077,0.10748795994690485,True,0.6648351648351648
1,CCCc1ccc(OC)cc1,attention,11,0.8256880733944955,0.8384125133355459,0.8386590361595154,0.0002465228239695305,False,
1,CCCc1ccc(OC)cc1,integrated_gradients,11,-0.027522935779816515,0.8254876832167307,0.8386590361595154,0.013171352942784709,False,0.6788990825688074
1,CCC(C)C(=O)OCCc1ccccc1,attention,15,0.7596070950968951,0.8408789299428463,0.8234233466908336,-0.017455583252012685,False,
1,CCC(C)C(=O)OCCc1ccccc1,integrated_gradients,15,-0.7035714285714285,0.6790130510926247,0.8234233466908336,0.14441029559820895,True,-0.0857142857142857
1,CC1CCC(CCCC(=O)O)C1(C)C,attention,14,0.656387665198238,0.7811566193898519,0.8504075159629185,0.0692508965730666,True,
1,CC1CCC(CCCC(=O)O)C1(C)C,integrated_gradients,14,0.01762114537444934,0.7483220299084982,0.8504075159629185,0.10208548605442036,True,0.29955947136563876
1,CC(C)C1CC(c2ccccc2)C=CO1,attention,15,0.8276481149012564,0.8514655716717243,0.8837366195395588,0.032271047867834524,True,
1,CC(C)C1CC(c2ccccc2)C=CO1,integrated_gradients,15,-0.04129263913824057,0.8517607562243938,0.8837366195395588,0.031975863315165,True,0.016157989228007177
1,CC1=C(O)C(=O)C(C)S1,attention,9,0.8499999999999999,0.8548544704914093,0.8681413964927197,0.013286926001310428,False,
1,CC1=C(O)C(=O)C(C)S1,integrated_gradients,9,-0.6,0.6342109858989715,0.8681413964927197,0.2339304105937482,True,-0.35
1,C=C1C=CC(C(C)CCC=C(C)C)CC1,attention,15,0.7560324734729097,0.8750484250485897,0.8996500723063946,0.024601647257804893,True,
1,C=C1C=CC(C(C)CCC=C(C)C)CC1,integrated_gradients,15,0.035714285714285705,0.8786894157528877,0.8996500723063946,0.020960656553506873,True,-0.13404831089945207
1,CCCCCCc1ccc(C=CC(OC)OC)cc1,attention,19,0.8260105448154658,0.887345352768898,0.8988580875098707,0.011512734740972697,True,
1,CCCCCCc1ccc(C=CC(OC)OC)cc1,integrated_gradients,19,-0.47100175746924433,0.8726839691400528,0.8988580875098707,0.026174118369817978,True,0.2741652021089631
1,CCCOC(=O)c1ccccc1N,attention,13,0.8241758241758241,0.7814422973564693,0.7649178375090872,-0.016524459847382156,False,
1,CCCOC(=O)c1ccccc1N,integrated_gradients,13,0.1043956043956044,0.6418880437101636,0.7649178375090872,0.12302979379892354,True,0.19780219780219782
1,CC(=O)[O-].CC(=O)[O-].CCC(=O)c1ccc(F)c(C2CC2NC(=O)Nc2ccc(C#N)cn2)c1O.[Zn+2],attention,36,0.7612670615503476,0.923230445062792,0.9266063539563,0.0033759088935080284,False,
1,CC(=O)[O-].CC(=O)[O-].CCC(=O)c1ccc(F)c(C2CC2NC(=O)Nc2ccc(C#N)cn2)c1O.[Zn+2],integrated_gradients,36,-0.7110481586402265,0.7817020754556399,0.9266063539563,0.14490427850066012,True,-0.31470512490342517
1,COC(=O)c1ccccc1N=CC=Cc1ccccc1,attention,20,0.8552087855637431,0.8772391052473159,0.8768248460122517,-0.0004142592350641072,False,
1,COC(=O)c1ccccc1N=CC=Cc1ccccc1,integrated_gradients,20,-0.021052631578947364,0.8437295073554629,0.8768248460122517,0.03309533865678882,True,-0.18879279259146836
1,CC1=CC(=O)C(C(C)C)CC1,attention,11,0.771689497716895,0.6983297690749168,0.7392478321989377,0.04091806312402091,True,
1,CC1=CC(=O)C(C(C)C)CC1,integrated_gradients,11,-0.6073059360730594,0.6367222021023432,0.7392478321989377,0.10252563009659454,True,-0.0502283105022831
1,CCOc1ccccc1CO,attention,11,0.6727272727272727,0.7659698277711868,0.762740392734607,-0.0032294350365797975,False,
1,CCOc1ccccc1CO,integrated_gradients,11,-0.09090909090909091,0.6538090507189432,0.762740392734607,0.10893134201566379,True,0.5636363636363637
1,C=CCCC1=C(C)C(=O)CCC1(C)C,attention,14,0.7797356828193834,0.7745081504185994,0.8296645420789719,0.05515639166037245,True,
1,C=CCCC1=C(C)C(=O)CCC1(C)C,integrated_gradients,14,-0.2246696035242291,0.7123767177263896,0.8296645420789719,0.11728782435258234,True,0.5594713656387665
1,CCCC(O)Cc1ccccc1,attention,12,0.9788732394366195,0.8430781547839825,0.8432199455224552,0.0001417907384726469,False,
1,CCCC(O)Cc1ccccc1,integrated_gradients,12,-0.612676056338028,0.8107771690075214,0.8432199455224552,0.03244277651493377,True,-0.11971830985915491
1,CCc1cc2c(cc1C(C)=O)C(C)(C)CCC2(C)C,attention,19,0.8976724625021391,0.8268349409103394,0.8882399871945381,0.06140504628419874,True,
1,CCc1cc2c(cc1C(C)=O)C(C)(C)CCC2(C)C,integrated_gradients,19,0.3871817383669886,0.8038591861724853,0.8882399871945381,0.08438080102205281,True,0.694468832309043
1,COC(=O)c1c(C)cc(O)c(C)c1O,attention,14,0.7538461538461538,0.8162572105725606,0.8080881190299987,-0.008169091542561957,False,
1,COC(=O)c1c(C)cc(O)c(C)c1O,integrated_gradients,14,-0.7890109890109891,0.6905061801274618,0.8080881190299987,0.11758193890253688,True,-0.5472527472527472
1,CC(=O)OCc1ccc(C)cc1,attention,12,0.8873239436619716,0.8192090162864099,0.828744465800432,0.009535449514022187,False,
1,CC(=O)OCc1ccc(C)cc1,integrated_gradients,12,0.06338028169014083,0.7442225997264569,0.828744465800432,0.08452186607397516,True,0.27464788732394363
1,CC1=CC2C(CCC(C)=CCC1)C2(C)C,attention,15,0.846153846153846,0.852055698633194,0.9010286005213857,0.0489729018881917,True,
1,CC1=CC2C(CCC(C)=CCC1)C2(C)C,integrated_gradients,15,-0.5277280858676208,0.8748246878385544,0.9010286005213857,0.026203912682831287,True,0.5420393559928444
1,C=CCC(C=O)c1ccccc1,attention,12,0.8380281690140844,0.8389774881876432,0.8711464029092053,0.032168914721562136,True,
1,C=CCC(C=O)c1ccccc1,integrated_gradients,12,0.2535211267605633,0.8475457246486957,0.8711464029092053,0.0236006782605096,True,-0.1690140845070422
1,C=CCCC(=O)C1=CC2(CCCC2)CCC1,attention,16,0.4454277286135692,0.8334857435787425,0.8198834173819598,-0.0136023261967827,False,
1,C=CCCC(=O)C1=CC2(CCCC2)CCC1,integrated_gradients,16,-0.6076696165191738,0.7226728130789364,0.8198834173819598,0.09721060430302342,True,0.014749262536873154
1,CCC(=O)OC1CCCCCCCCCCC1,attention,17,0.5420792079207921,0.8421317769421471,0.8330489640434584,-0.00908281289868873,False,
1,CCC(=O)OC1CCCCCCCCCCC1,integrated_gradients,17,-0.5659679408138102,0.7627715335951911,0.8330489640434584,0.07027743044826729,True,-0.09388527545011627
1,CC1=CCC(CC#N)C1(C)C,attention,11,0.9360730593607306,0.8033446321884791,0.8817864204446474,0.07844178825616832,True,
1,CC1=CCC(CC#N)C1(C)C,integrated_gradients,11,0.13242009132420093,0.7645350694656372,0.8817864204446474,0.11725135097901018,True,0.7168949771689498
1,Cc1oc2ccccc2c1C,attention,11,0.8909090909090911,0.7586489071448644,0.825104256470998,0.06645534932613362,True,
1,Cc1oc2ccccc2c1C,integrated_gradients,11,0.29090909090909095,0.7185862958431244,0.825104256470998,0.10651796062787366,True,0.6545454545454547
1,CC(=O)OC=Cc1ccccc1,attention,12,0.7323943661971831,0.8379365389163678,0.8378719664536989,-6.457246266888816e-05,False,
1,CC(=O)OC=Cc1ccccc1,integrated_gradients,12,-0.8661971830985914,0.7648943112446711,0.8378719664536989,0.07297765520902777,True,-0.4295774647887323
1,O=C(CCc1ccccc1)OCCCc1ccccc1,attention,20,0.7571652654824341,0.8659849961598715,0.8669076324928374,0.0009226363329659648,False,
1,O=C(CCc1ccccc1)OCCCc1ccccc1,integrated_gradients,20,0.10692771084337349,0.7795843340101696,0.8669076324928374,0.08732329848266784,True,0.27259036144578314
1,CC(CC=O)CCCC(C)(C)O.c1ccc2[nH]ccc2c1,attention,21,0.8609486679662117,0.8694167624820363,0.8953159260478886,0.025899163565852312,True,
1,CC(CC=O)CCCC(C)(C)O.c1ccc2[nH]ccc2c1,integrated_gradients,21,-0.03183885640025991,0.8665558993816376,0.8953159260478886,0.028760026666250993,True,0.2462638076673164
1,CCC1NC(CC)SC(CC)S1,attention,12,0.8723404255319149,0.95083271081631,0.9632782677045235,0.012445556888213472,False,
1,CCC1NC(CC)SC(CC)S1,integrated_gradients,12,-0.6170212765957448,0.7910249462494483,0.9632782677045235,0.17225332145507521,True,-0.6382978723404256
1,CC(=O)OCCC1CC=C(C)C1(C)C,attention,14,0.894273127753304,0.7971846063931783,0.8392613178491592,0.04207671145598091,True,
1,CC(=O)OCCC1CC=C(C)C1(C)C,integrated_gradients,14,-0.030837004405286347,0.7370912194252014,0.8392613178491592,0.10217009842395786,True,0.4581497797356828
1,C=CCOC(=O)c1ccccc1,attention,12,0.8661971830985914,0.8507635134917039,0.82670863201985,-0.02405488147185386,False,
1,C=CCOC(=O)c1ccccc1,integrated_gradients,12,-0.4436619718309858,0.6934008048130915,0.82670863201985,0.1333078272067585,True,-0.2887323943661972
1,CC1CCC(C(C)C)C(NC(=O)C2CC2)C1,attention,16,0.7256637168141591,0.8346842562451082,0.8454579362097908,0.010773679964682592,False,
1,CC1CCC(C(C)C)C(NC(=O)C2CC2)C1,integrated_gradients,16,-0.15044247787610618,0.8262411566341624,0.8454579362097908,0.019216779575628395,True,-0.4778761061946903
1,OCc1ccc(O)cc1,attention,9,0.5666666666666667,0.8486345946788788,0.8355271935462951,-0.013107401132583685,False,
1,OCc1ccc(O)cc1,integrated_gradients,9,-0.9,0.7911720395088195,0.8355271935462951,0.044355154037475586,True,-0.25
1,OC(Cc1ccccc1)c1ccccc1,attention,15,0.8996415770609321,0.8910170756280422,0.8870785772800446,-0.003938498347997643,False,
1,OC(Cc1ccccc1)c1ccccc1,integrated_gradients,15,0.3512544802867384,0.8545483462512493,0.8870785772800446,0.032530231028795265,True,-0.5698924731182795
1,CCOC(=O)C1C(C=C(C)C)C1(C)C,attention,14,0.9116997792494481,0.8158346732457479,0.8483546715974807,0.032519998351732804,True,
1,CCOC(=O)C1C(C=C(C)C)C1(C)C,integrated_gradients,14,-0.3289183222958057,0.773790431022644,0.8483546715974807,0.07456424057483668,True,0.21412803532008828
1,CCCCCC(=O)OCCc1ccccc1,attention,16,0.6725663716814158,0.8499668521039626,0.8277949192944695,-0.022171932809493144,False,
1,CCCCCC(=O)OCCc1ccccc1,integrated_gradients,16,-0.6017699115044247,0.7175658099791583,0.8277949192944695,0.11022910931531116,True,-0.035398230088495575
1,O=C1CCCCCCCCCCCCCCC1,attention,17,0.36772486772486773,0.8376181920369467,0.8445871141221788,0.006968922085232143,False,
1,O=C1CCCCCCCCCCCCCCC1,integrated_gradients,17,0.3672456575682382,0.8164757357703315,0.8445871141221788,0.028111378351847294,True,0.7173970861208652
1,C1CCCC2(CCC1)CCCO2,attention,12,0.14487632508833923,0.8382011972940885,0.8518764984149199,0.013675301120831374,False,
1,C1CCCC2(CCC1)CCCO2,integrated_gradients,12,0.5335689045936396,0.8153382172951331,0.8518764984149199,0.03653828111978674,True,0.22968197879858657
1,CC(C)C=C(C=O)c1ccccc1,attention,13,0.9324146800619486,0.8412240743637085,0.8419499050293648,0.0007258306656563462,False,
1,CC(C)C=C(C=O)c1ccccc1,integrated_gradients,13,0.41046831955922863,0.78839168378285,0.8419499050293648,0.05355822124651488,True,-0.20110192837465565
1,CC1CCCCCCCCCCCCC(=O)O1,attention,17,0.3523573200992556,0.8229020966423882,0.8308717065387302,0.00796960989634199,False,
1,CC1CCCCCCCCCCCCC(=O)O1,integrated_gradients,17,-0.43627450980392163,0.7701229618655311,0.8308717065387302,0.06074874467319913,True,0.5302196946869038
1,O=C1CCC2=C(CCCC2)O1,attention,11,0.5454545454545455,0.7739526232083639,0.7851765050242344,0.011223881815870529,False,
1,O=C1CCC2=C(CCCC2)O1,integrated_gradients,11,-0.8545454545454546,0.6353270361820856,0.7851765050242344,0.14984946884214878,True,0.33636363636363636
1,C=CCOCCc1ccccc1,attention,12,0.7816901408450703,0.8074684418164767,0.8512763472703787,0.04380790545390201,True,
1,C=CCOCCc1ccccc1,integrated_gradients,12,0.10563380281690139,0.7791902881402236,0.8512763472703787,0.07208605913015509,True,0.4507042253521126
1,CC1C(=O)C2CC1C(C)(C)C2,attention,11,0.7442922374429224,0.7459313621123632,0.8281849823892117,0.08225362027684846,True,
1,CC1C(=O)C2CC1C(C)(C)C2,integrated_gradients,11,0.13242009132420093,0.7398008157809576,0.8281849823892117,0.0883841666082541,True,0.6621004566210046
1,CC1=CCC2(CC1)C(C)CCC2C(C)(C)O,attention,16,0.8055964653902798,0.8498248668277965,0.9050919252283431,0.05526705840054669,True,
1,CC1=CCC2(CC1)C(C)CCC2C(C)(C)O,integrated_gradients,16,-0.14285714285714285,0.8750949081252603,0.9050919252283431,0.02999701710308289,True,0.21944035346097202
1,C=CC(C)(CCC=C(C)C)OC(=O)c1ccccc1,attention,19,0.7436347673397716,0.8491951763629914,0.8777470062673093,0.028551829904317927,True,
1,C=CC(C)(CCC=C(C)C)OC(=O)c1ccccc1,integrated_gradients,19,0.12379280070237049,0.8021319955587387,0.8777470062673093,0.07561501070857057,True,0.48375768217734855
1,CC(C)=CCOC(=O)c1ccccc1,attention,14,0.8237885462555066,0.8331121444702149,0.8209704037507375,-0.012141740719477379,False,
1,CC(C)=CCOC(=O)c1ccccc1,integrated_gradients,14,0.21145374449339208,0.7245206832885742,0.8209704037507375,0.09644972046216327,True,0.2422907488986784
1,COC(C)OC(C)OCc1ccccc1,attention,15,0.8571428571428571,0.8586613312363625,0.8615565802901983,0.002895249053835869,False,
1,COC(C)OC(C)OCc1ccccc1,integrated_gradients,15,0.028571428571428564,0.7773033790290356,0.8615565802901983,0.08425320126116276,True,0.5142857142857142
1,COc1ccc(C=O)cc1O,attention,11,0.7454545454545456,0.7440744166572889,0.7614401592562595,0.017365742598970613,False,
1,COc1ccc(C=O)cc1O,integrated_gradients,11,-0.790909090909091,0.6697712515791258,0.7614401592562595,0.09166890767713376,True,0.045454545454545456
1,CCOC(=O)CC(O)c1ccccc1,attention,14,0.9032967032967033,0.8386793216069539,0.8240251423915227,-0.014654179215431218,False,
1,CCOC(=O)CC(O)c1ccccc1,integrated_gradients,14,-0.45494505494505494,0.6917790373166403,0.8240251423915227,0.13224610507488244,True,-0.07252747252747253
1,CCOC(=O)C(C)(O)c1ccccc1,attention,14,0.8712876559475042,0.8497330745061239,0.8408062805732092,-0.008926793932914734,False,
1,CCOC(=O)C(C)(O)c1ccccc1,integrated_gradients,14,-0.17362637362637365,0.7470202922821045,0.8408062805732092,0.09378598829110463,True,0.16281638015180636
1,C=CCc1cc(OC)c(OC)c(OC)c1,attention,15,0.8182635329251506,0.797842487692833,0.8497224725782871,0.0518799848854542,True,
1,C=CCc1cc(OC)c(OC)c(OC)c1,integrated_gradients,15,-0.2928571428571428,0.763761755079031,0.8497224725782871,0.08596071749925616,True,0.8525472573205152
1,CCCCOC(C)OCCc1ccccc1,attention,16,0.631268436578171,0.8326155332957997,0.8571430562173619,0.024527522921562128,False,
1,CCCCOC(C)OCCc1ccccc1,integrated_gradients,16,-0.5014749262536873,0.7685394742909599,0.8571430562173619,0.08860358192640194,True,0.017699115044247787
1,CCCCCCCOC(=O)C=Cc1ccccc1,attention,18,0.7063081695966907,0.8647203319951108,0.8480861022284156,-0.016634229766695152,False,
1,CCCCCCCOC(=O)C=Cc1ccccc1,integrated_gradients,18,-0.5015511892450878,0.764433365119131,0.8480861022284156,0.08365273710928467,True,-0.09617373319544983
1,CC(CC=O)CCc1ccccc1,attention,13,0.888584059327378,0.808993969644819,0.8669953605958393,0.058001390951020304,True,
1,CC(CC=O)CCc1ccccc1,integrated_gradients,13,-0.35714285714285715,0.8569535144737789,0.8669953605958393,0.010041846122060383,False,-0.15384615384615383
1,CC(CO)C1CCCCCCCCCCC1,attention,16,0.6547619047619048,0.877045214176178,0.8750549244530059,-0.001990289723172056,False,
1,CC(CO)C1CCCCCCCCCCC1,integrated_gradients,16,0.9229629629629629,0.8615900032660541,0.8750549244530059,0.013464921186951861,True,0.4246484177052965
1,CC(=O)C1=NCCS1,attention,8,0.7857142857142858,0.8330583837297227,0.871048065026601,0.0379896812968783,False,
1,CC(=O)C1=NCCS1,integrated_gradients,8,-0.880952380952381,0.6752909223238627,0.871048065026601,0.19575714270273836,True,-0.09523809523809526
1,CC(C=O)=Cc1ccccc1,attention,11,0.9541284403669725,0.8143628835678101,0.815356457978487,0.000993574410676934,False,
1,CC(C=O)=Cc1ccccc1,integrated_gradients,11,-0.6055045871559633,0.7306388368209203,0.815356457978487,0.08471762115756665,True,-0.5596330275229358
1,CC1CC2C3CCC(C3)C2CC1=O,attention,13,0.8186813186813187,0.800706718649183,0.8497421773416656,0.0490354586924826,True,
1,CC1CC2C3CCC(C3)C2CC1=O,integrated_gradients,13,-0.06593406593406594,0.7893914665494647,0.8497421773416656,0.06035071079220089,True,0.5439560439560439
1,CSC(=O)c1ccccc1,attention,10,0.9509202453987731,0.7905881242318586,0.8220374940471216,0.03144936981526292,False,
1,CSC(=O)c1ccccc1,integrated_gradients,10,-0.7668711656441718,0.6926513422619213,0.8220374940471216,0.1293861517852003,True,-0.34969325153374237
1,CCCCCCCCCC=Nc1ccccc1C(=O)OC,attention,21,0.8454545454545455,0.9086315388029272,0.8953609495000405,-0.013270589302886715,False,
1,CCCCCCCCCC=Nc1ccccc1C(=O)OC,integrated_gradients,21,0.07142857142857142,0.8820186257362366,0.8953609495000405,0.013342323763803954,False,0.3532467532467533
1,CCOC(C)OCCc1ccccc1,attention,14,0.7230769230769231,0.8442512671152751,0.8606856093804043,0.016434342265129187,False,
1,CCOC(C)OCCc1ccccc1,integrated_gradients,14,-0.5384615384615385,0.7750600179036459,0.8606856093804043,0.08562559147675841,True,0.03736263736263736
1,O=CCOc1ccccc1,attention,10,0.6809815950920245,0.8347738276828419,0.7830225066705184,-0.05175132101232349,False,
1,O=CCOc1ccccc1,integrated_gradients,10,-0.7668711656441718,0.736734769561074,0.7830225066705184,0.04628773710944445,True,-0.042944785276073615
1,c1coc(Cn2cccc2)c1,attention,11,0.5137614678899083,0.7765262921651205,0.8457904751102129,0.0692641829450924,True,
1,c1coc(Cn2cccc2)c1,integrated_gradients,11,-0.11009174311926606,0.776420330007871,0.8457904751102129,0.06937014510234185,True,0.5137614678899083
1,CCOC(=O)CCCc1ccccc1,attention,14,0.7318681318681319,0.8437791387240092,0.839441655476888,-0.004337483247121243,False,
1,CCOC(=O)CCCc1ccccc1,integrated_gradients,14,-0.3274725274725274,0.7000905950864156,0.839441655476888,0.1393510603904724,True,0.178021978021978
1,CC1OCCCCCCCCCCCOC1=O,attention,17,0.6231527093596058,0.7997165520985922,0.8149259847071436,0.015209432608551454,False,
1,CC1OCCCCCCCCCCCOC1=O,integrated_gradients,17,-0.3651960784313726,0.7416939073138766,0.8149259847071436,0.07323207739326698,True,0.43980476732558327
1,CC(=O)CCc1ccccc1,attention,11,0.8256880733944955,0.7470003366470337,0.7942162707448006,0.04721593409776692,True,
1,CC(=O)CCc1ccccc1,integrated_gradients,11,0.03669724770642202,0.6888245791196823,0.7942162707448006,0.1053916916251183,True,0.3486238532110092
1,CC(NC(=O)C(N)CC(=O)O)C(=O)NC1C(C)(C)SC1(C)C,attention,22,0.814584511023177,0.8992214410201363,0.9329862332862356,0.0337647922660993,True,
1,CC(NC(=O)C(N)CC(=O)O)C(=O)NC1C(C)(C)SC1(C)C,integrated_gradients,22,0.013001695873374788,0.7488602347995924,0.9329862332862356,0.18412599848664324,True,0.26738270209157716
1,C=CCCC(=O)c1ccccc1,attention,12,0.6830985915492958,0.8326702026220468,0.7857152487222965,-0.04695495389975035,False,
1,C=CCCC(=O)c1ccccc1,integrated_gradients,12,0.14788732394366197,0.6470369100570679,0.7857152487222965,0.1386783386652286,True,-0.23943661971830982
1,Cc1occ2c1SCC2,attention,9,0.6166666666666666,0.7354354470968246,0.836043312996626,0.10060786589980142,True,
1,Cc1occ2c1SCC2,integrated_gradients,9,-0.48333333333333334,0.6350497394800186,0.836043312996626,0.2009935735166074,True,0.31666666666666665
1,CC1=CC(O)CC(C)C2CC(=C(C)C)CC12,attention,16,0.8527245949926362,0.855123313034282,0.8930064273231171,0.03788311428883506,True,
1,CC1=CC(O)CC(C)C2CC(=C(C)C)CC12,integrated_gradients,16,-0.3608247422680412,0.8656194385360269,0.8930064273231171,0.027386988787090227,True,0.0780559646539028
1,CC(=O)OCc1ccc(C)cc1C,attention,13,0.9395604395604396,0.8253321392195565,0.8403334040726935,0.01500126485313702,False,
1,CC(=O)OCc1ccc(C)cc1C,integrated_gradients,13,0.5274725274725275,0.7800776617867606,0.8403334040726935,0.06025574228593289,True,0.5934065934065934
1,C=C1CC2CCC1C2(C)C,attention,10,0.9146341463414634,0.8041540926153009,0.8788382378491489,0.07468414523384803,True,
1,C=C1CC2CCC1C2(C)C,integrated_gradients,10,0.3536585365853659,0.7802790945226495,0.8788382378491489,0.0985591433264994,True,0.6097560975609757
1,CC(CC=O)c1ccccc1,attention,11,0.9357798165137615,0.7786170492569605,0.8461454336841902,0.06752838442722964,True,
1,CC(CC=O)c1ccccc1,integrated_gradients,11,0.12844036697247707,0.8253675152858099,0.8461454336841902,0.02077791839838028,True,0.1559633027522936
1,c1coc(CCc2ccco2)c1,attention,12,0.538735734089243,0.7357260080484244,0.8264356335768334,0.090709625528409,True,
1,c1coc(CCc2ccco2)c1,integrated_gradients,12,-0.31468531468531474,0.6703782265002911,0.8264356335768334,0.15605740707654225,True,-0.04553422044199251
1,CC(C)(Cc1ccccc1)OC=O,attention,13,0.8725761772853187,0.8327080735138485,0.8514777809381486,0.018769707424300175,False,
1,CC(C)(Cc1ccccc1)OC=O,integrated_gradients,13,0.06925207756232686,0.7918396421841213,0.8514777809381486,0.05963813875402735,True,0.4238227146814405
1,CC(CC#N)CCc1ccccc1,attention,13,0.943604744115451,0.8686180285045079,0.8998923576303891,0.03127432912588124,True,
1,CC(CC#N)CCc1ccccc1,integrated_gradients,13,-0.45604395604395603,0.8721960144383567,0.8998923576303891,0.027696343192032402,True,0.2747252747252747
1,CC1CCC2C(C)(C)C3CC12CCC3(C)O,attention,16,0.8468335787923417,0.8566743451006272,0.90472750768942,0.048053162588792775,True,
1,CC1CCC2C(C)(C)C3CC12CCC3(C)O,integrated_gradients,16,0.07511045655375552,0.8654554486274719,0.90472750768942,0.039272059061948084,True,0.16936671575846834
1,Cc1ccc(C=O)c(O)c1,attention,10,0.7454545454545454,0.775074920871041,0.8050744341178374,0.029999513246796394,True,
1,Cc1ccc(C=O)c(O)c1,integrated_gradients,10,-0.5151515151515151,0.7665597362951799,0.8050744341178374,0.038514697822657484,True,-0.3939393939393939
1,COCOC1CCCCCCCCCCC1,attention,16,0.25892857142857145,0.8462211104000316,0.8648537935579526,0.018632683157920993,True,
1,COCOC1CCCCCCCCCCC1,integrated_gradients,16,0.9022222222222223,0.8257614058606765,0.8648537935579526,0.039092387697276076,True,0.5998530096256637
1,COc1cc(C=O)ccc1OC(=O)C(C)C,attention,16,0.8821796759941088,0.8172509144334232,0.8071911715409336,-0.010059742892489676,False,
1,COc1cc(C=O)ccc1OC(=O)C(C)C,integrated_gradients,16,-0.4050073637702503,0.6608477199778837,0.8071911715409336,0.14634345156304984,True,0.24300441826215022
1,COCc1ccc(O)cc1,attention,10,0.8036809815950922,0.7811873284253207,0.807580936496908,0.026393608071587304,False,
1,COCc1ccc(O)cc1,integrated_gradients,10,-0.9018404907975461,0.7702018022537231,0.807580936496908,0.03737913424318484,False,-0.10429447852760738
1,CCCCCC(=O)OCC=Cc1ccccc1,attention,17,0.7592137592137591,0.8685053686300913,0.8391395616862509,-0.02936580694384039,False,
1,CCCCCC(=O)OCC=Cc1ccccc1,integrated_gradients,17,-0.3562653562653562,0.719823396868176,0.8391395616862509,0.11931616481807494,True,-0.12039312039312038
1,CC(=O)OC1C=C(C)C2CC1C2(C)C,attention,14,0.8193832599118943,0.8167656461397806,0.8674866582949956,0.05072101215521496,True,
1,CC(=O)OC1C=C(C)C2CC1C2(C)C,integrated_gradients,14,-0.14096916299559473,0.823476521174113,0.8674866582949956,0.04401013712088264,True,0.49779735682819387
1,CCCCCOC(=O)c1ccccc1,attention,14,0.7406593406593407,0.817797040939331,0.7914202825228374,-0.026376758416493673,False,
1,CCCCCOC(=O)c1ccccc1,integrated_gradients,14,-0.3230769230769231,0.6795467853546142,0.7914202825228374,0.11187349716822315,True,0.03736263736263736
1,CC1=CC(=O)CO1,attention,7,0.8571428571428573,0.7698897123336792,0.7675575984641909,-0.0023321138694882837,False,
1,CC1=CC(=O)CO1,integrated_gradients,7,-0.21428571428571433,0.5608462020754814,0.7675575984641909,0.2067113963887095,True,0.1785714285714286
1,CCC(C)C(=O)N(C)c1ccccc1,attention,14,0.9252747252747253,0.7687058607737224,0.806690259774526,0.03798439900080364,True,
1,CCC(C)C(=O)N(C)c1ccccc1,integrated_gradients,14,-0.09010989010989012,0.7334409117698669,0.806690259774526,0.0732493480046591,True,0.2043956043956044
1,CCCc1ccc(O)c(OC)c1,attention,12,0.6783216783216784,0.7960773843985337,0.8171700942974824,0.021092709898948736,False,
1,CCCc1ccc(O)c(OC)c1,integrated_gradients,12,-0.034965034965034975,0.7600444692831773,0.8171700942974824,0.05712562501430518,True,0.6993006993006995
1,COc1ccc(C=C(C)C=O)cc1,attention,13,0.8500695799757271,0.7180225764002118,0.733617618147816,0.015595041747604177,False,
1,COc1ccc(C=C(C)C=O)cc1,integrated_gradients,13,-0.4835164835164835,0.6644181822027478,0.733617618147816,0.06919943594506817,True,-0.22527472527472525
1,CCOC(=O)CC1C=CCC1,attention,11,0.7818181818181819,0.8176563133796056,0.792112303773562,-0.02554400960604364,False,
1,CCOC(=O)CC1C=CCC1,integrated_gradients,11,-0.690909090909091,0.6454203451673189,0.792112303773562,0.14669195860624307,True,-0.10909090909090911
1,CC1(C)C2CC=C(CO)C1C2,attention,11,0.8812785388127855,0.8215759694576263,0.8472999021410944,0.025723932683468065,True,
1,CC1(C)C2CC=C(CO)C1C2,integrated_gradients,11,-0.26027397260273977,0.816328227519989,0.8472999021410944,0.030971674621105394,True,0.18721461187214614
1,CC(O)Cc1ccccc1,attention,10,0.9877300613496933,0.8405675779689442,0.8526953946460377,0.012127816677093506,False,
1,CC(O)Cc1ccccc1,integrated_gradients,10,-0.10429447852760738,0.7989947416565635,0.8526953946460377,0.05370065298947424,True,0.20245398773006137
1,CCOC(=O)OC1=C(C)OC(C)C1=O,attention,14,0.9428571428571428,0.8611465295155843,0.8539326423406604,-0.007213887174923994,False,
1,CCOC(=O)OC1=C(C)OC(C)C1=O,integrated_gradients,14,-0.5912087912087912,0.6856372435887654,0.8539326423406604,0.16829539875189492,True,-0.3626373626373627
1,COc1ccccc1C(=O)O,attention,11,0.8909090909090911,0.7922802219788233,0.7854521414885919,-0.006828080490231425,False,
1,COc1ccccc1C(=O)O,integrated_gradients,11,-0.7181818181818183,0.6514951338370641,0.7854521414885919,0.13395700765152774,True,-0.3454545454545455
1,C=C1CCC2C1C1C(C(C)C)CCC21C,attention,15,0.8819320214669052,0.8661867715418339,0.8961456568911672,0.02995888534933333,True,
1,C=C1CCC2C1C1C(C(C)C)CCC21C,integrated_gradients,15,-0.35957066189624326,0.883995994925499,0.8961456568911672,0.012149661965668246,True,-0.05187835420393559
1,CC=Cc1ccc(OCC)c(OC)c1,attention,14,0.9252747252747253,0.7948809146881104,0.8114730779329937,0.01659216324488333,False,
1,CC=Cc1ccc(OCC)c(OC)c1,integrated_gradients,14,-0.06373626373626373,0.7139795382817586,0.8114730779329937,0.09749353965123508,True,0.5296703296703297
1,CCC(C)C(=O)OCc1ccccc1,attention,14,0.7846153846153847,0.8537183960278829,0.8049455855290095,-0.04877281049887339,False,
1,CCC(C)C(=O)OCc1ccccc1,integrated_gradients,14,-0.5252747252747253,0.6728066285451253,0.8049455855290095,0.13213895698388423,True,-0.12967032967032965
1,CC(=O)c1cc2c(cc1C)C(C)(C)C(C)CC2(C)C,attention,19,0.8086040386303776,0.8320486545562744,0.8983264882862569,0.06627783372998253,True,
1,CC(=O)c1cc2c(cc1C)C(C)(C)C(C)CC2(C)C,integrated_gradients,19,0.659350307287094,0.8289088636636734,0.8983264882862569,0.0694176246225835,True,0.7998244073748902
1,CCCCCC1OC(=O)C(C)=C1C,attention,13,0.8901098901098902,0.7571552225521633,0.7827033655984061,0.025548143046242866,False,
1,CCCCCC1OC(=O)C(C)=C1C,integrated_gradients,13,0.0,0.6567051666123527,0.7827033655984061,0.12599819898605347,True,0.5824175824175823
1,Cc1ccc2c(c1)OC(=O)C2C,attention,12,0.8951048951048951,0.751446953186622,0.7839062356031857,0.032459282416563706,False,
1,Cc1ccc2c(c1)OC(=O)C2C,integrated_gradients,12,0.04195804195804196,0.6446759288127606,0.7839062356031857,0.13923030679042514,True,0.6013986013986015
1,COC(=O)c1ccccc1OC,attention,12,0.9580419580419581,0.7839613877809964,0.7875164272693487,0.0035550394883522296,False,
1,COC(=O)c1ccccc1OC,integrated_gradients,12,-0.5174825174825175,0.6810031533241272,0.7875164272693487,0.10651327394522148,True,-0.055944055944055944
1,CC(C)Oc1cc(C=O)ccc1O,attention,13,0.7796143250688705,0.7849090439932687,0.7886239896927563,0.003714945699487604,False,
1,CC(C)Oc1cc(C=O)ccc1O,integrated_gradients,13,-0.4986225895316805,0.6569093636104039,0.7886239896927563,0.1317146260823524,True,0.3443526170798898
1,COC(=O)c1ccccc1NC=O,attention,13,0.8736263736263737,0.8409801253250667,0.8292052392448698,-0.011774886080196945,False,
1,COC(=O)c1ccccc1NC=O,integrated_gradients,13,-0.37912087912087916,0.7894704554762159,0.8292052392448698,0.039734783768653914,True,-0.45604395604395603
1,C=CCc1ccc(OCC)c(OC)c1,attention,14,0.8065934065934066,0.8240807771682739,0.8322720529635749,0.00819127579530099,False,
1,C=CCc1ccc(OCC)c(OC)c1,integrated_gradients,14,-0.24395604395604395,0.7526758392651876,0.8322720529635749,0.07959621369838732,True,0.43736263736263736
1,CC(C#N)=Cc1ccccc1,attention,11,0.963302752293578,0.8783282389243444,0.8846936248242855,0.006365385899941067,False,
1,CC(C#N)=Cc1ccccc1,integrated_gradients,11,-0.13761467889908258,0.8338671624660492,0.8846936248242855,0.05082646235823629,True,-0.027522935779816515
1,OCC1COC(Cc2ccccc2)O1,attention,14,0.5632566664711139,0.7889402945836385,0.8120845967531205,0.023144302169482045,False,
1,OCC1COC(Cc2ccccc2)O1,integrated_gradients,14,-0.6967032967032967,0.722147536277771,0.8120845967531205,0.08993706047534955,True,0.13201328120416733
1,Cc1ccc(CC(C)C=O)cc1,attention,12,0.9718309859154928,0.7762300417973444,0.8526329256021059,0.07640288380476146,True,
1,Cc1ccc(CC(C)C=O)cc1,integrated_gradients,12,0.33098591549295764,0.8167077669730554,0.8526329256021059,0.035925158629050546,True,0.29577464788732394
1,C=C(C)C1CC(=O)C2(C)OC2C1,attention,12,0.7692307692307694,0.7470887165803176,0.772668509529187,0.025579792948869362,False,
1,C=C(C)C1CC(=O)C2(C)OC2C1,integrated_gradients,12,-0.30069930069930073,0.6645092505675095,0.772668509529187,0.10815925896167744,True,0.2027972027972028
1,CC(CC(C)(C)C#N)c1ccccc1,attention,14,1.0,0.8368014772733052,0.9039439698060352,0.06714249253272997,True,
1,CC(CC(C)(C)C#N)c1ccccc1,integrated_gradients,14,0.12775330396475773,0.8159846782684326,0.9039439698060352,0.08795929153760262,True,0.7004405286343612
1,CCCCCOC(=O)Cc1ccccc1,attention,15,0.7428571428571428,0.814238466322422,0.8123493457213045,-0.0018891206011175665,False,
1,CCCCCOC(=O)Cc1ccccc1,integrated_gradients,15,-0.5357142857142856,0.6939160227775574,0.8123493457213045,0.11843332294374709,True,-0.05357142857142857
1,OCC1CCC2C3CCC(C3)C12,attention,12,0.8111888111888113,0.8320842660390414,0.8561062127351761,0.024021946696134666,True,
1,OCC1CCC2C3CCC(C3)C12,integrated_gradients,12,-0.4055944055944056,0.8485675820937524,0.8561062127351761,0.0075386306414236826,True,-0.6153846153846154
1,CNc1ccccc1C(=O)OCC(C)C,attention,15,0.8962432915921288,0.8352094329893589,0.828823571652174,-0.006385861337184884,False,
1,CNc1ccccc1C(=O)OCC(C)C,integrated_gradients,15,-0.09123434704830054,0.7352176830172539,0.828823571652174,0.09360588863492014,True,0.20572450805008943
1,OC1CCCC1,attention,6,0.0909090909090909,0.7703532576560974,0.7543946559940066,-0.015958601662090843,False,
1,OC1CCCC1,integrated_gradients,6,-0.9999999999999999,0.6886839526040214,0.7543946559940066,0.06571070338998519,True,-0.0909090909090909
1,C1CCSC1,attention,5,-0.1111111111111111,0.7757429977258047,0.8742262274026871,0.09848322967688239,True,
1,C1CCSC1,integrated_gradients,5,-0.1111111111111111,0.7757429977258047,0.8742262274026871,0.09848322967688239,True,1.0
1,CC(=O)C1CC2=C(C)CC1C(C(C)C)C2,attention,15,0.8533094812164579,0.8206765092909336,0.8780150813981891,0.05733857210725546,True,
1,CC(=O)C1CC2=C(C)CC1C(C(C)C)C2,integrated_gradients,15,-0.2701252236135957,0.8230780549347401,0.8780150813981891,0.054937026463449,True,0.4203935599284436
1,Nc1ccccc1C(=O)OCc1ccccc1,attention,17,0.7592137592137591,0.869193885061476,0.8560919490125446,-0.013101936048931395,False,
1,Nc1ccccc1C(=O)OCc1ccccc1,integrated_gradients,17,0.1081081081081081,0.7992064654827118,0.8560919490125446,0.0568854835298328,True,-0.022113022113022112
1,CCCCCOC(=O)c1ccccc1O,attention,15,0.7107142857142856,0.8010354042053223,0.7797973552718759,-0.021238048933446385,False,
1,CCCCCOC(=O)c1ccccc1O,integrated_gradients,15,-0.3571428571428571,0.6578936390578747,0.7797973552718759,0.1219037162140012,True,0.049999999999999996
1,CC(C)C1=CCC(CCOC=O)=CC1,attention,14,0.9162995594713657,0.8336143374443055,0.8479742469390233,0.014359909494717882,False,
1,CC(C)C1=CCC(CCOC=O)=CC1,integrated_gradients,14,-0.801762114537445,0.749470341205597,0.8479742469390233,0.09850390573342638,True,-0.3259911894273128
1,COc1ccc(O)cc1,attention,9,0.49372817116587664,0.7299327313899994,0.7752405861020086,0.045307854712009266,False,
1,COc1ccc(O)cc1,integrated_gradients,9,-0.6833333333333333,0.706084144115448,0.7752405861020086,0.06915644198656068,True,-0.18333333333333335
1,COc1ccccc1C(C)=O,attention,11,0.9181818181818183,0.6712052548925082,0.6976477656513452,0.02644251075883708,False,
1,COc1ccccc1C(C)=O,integrated_gradients,11,-0.36363636363636365,0.591628834605217,0.6976477656513452,0.10601893104612825,True,-0.17272727272727276
1,CC1=CCC(CCC(C)CO)C1(C)C,attention,14,0.9030837004405288,0.8173239866892497,0.8694675590594609,0.05214357237021128,True,
1,CC1=CCC(CCC(C)CO)C1(C)C,integrated_gradients,14,-0.15418502202643172,0.7935240983963012,0.8694675590594609,0.07594346066315971,True,0.11894273127753305
1,O=C(O)c1ccccc1,attention,9,0.8166666666666667,0.8835866987705231,0.8468594235181808,-0.03672727525234232,False,
1,O=C(O)c1ccccc1,integrated_gradients,9,-0.6666666666666667,0.7030436992645264,0.8468594235181808,0.1438157242536544,True,-0.9333333333333332
1,CCCCCCC(=O)OCc1ccccc1,attention,16,0.5811209439528023,0.8638759465778575,0.8368557714364107,-0.027020175141446834,False,
1,CCCCCCC(=O)OCc1ccccc1,integrated_gradients,16,-0.5339233038348081,0.7299924492835999,0.8368557714364107,0.1068633221528108,True,0.11799410029498524
1,CC(=O)OCC1CCC2CC1C2(C)C,attention,14,0.86784140969163,0.8077827413876851,0.8496997272968292,0.041916985909144056,True,
1,CC(=O)OCC1CCC2CC1C2(C)C,integrated_gradients,14,0.14977973568281938,0.770278004805247,0.8496997272968292,0.07942172249158219,True,0.44493392070484583
1,CC(=O)Oc1cccc(C)c1,attention,11,0.8636363636363636,0.7386733641227087,0.7491288443406423,0.010455480217933633,False,
1,CC(=O)Oc1cccc(C)c1,integrated_gradients,11,0.0,0.6530470351378123,0.7491288443406423,0.09608180920283005,True,0.1272727272727273
1,CC(=O)OCc1ccccc1C,attention,12,0.8671328671328673,0.8052726938174322,0.8158986708292595,0.010625977011827326,False,
1,CC(=O)OCc1ccccc1C,integrated_gradients,12,0.2447552447552448,0.7345276612501878,0.8158986708292595,0.08137100957907173,True,0.34965034965034975
1,CC(=O)C=CC1=C(C)C(=O)CCC1(C)C,attention,15,0.8211091234347048,0.7825397588312626,0.8189115008339286,0.03637174200266602,True,
1,CC(=O)C=CC1=C(C)C(=O)CCC1(C)C,integrated_gradients,15,0.23792486583184255,0.7052959464490414,0.8189115008339286,0.11361555438488724,True,0.4347048300536673
1,CC1C(=O)CC2CC1C2(C)C,attention,11,0.7808219178082192,0.7504002302885056,0.8340800215800603,0.08367979129155478,True,
1,CC1C(=O)CC2CC1C2(C)C,integrated_gradients,11,0.21461187214611874,0.7290929406881332,0.8340800215800603,0.1049870808919271,True,0.726027397260274
1,C=C(C)c1cccc(C(C)CC=O)c1,attention,14,0.9164835164835166,0.8320035854975383,0.864221626520157,0.032218041022618715,True,
1,C=C(C)c1cccc(C(C)CC=O)c1,integrated_gradients,14,0.5076923076923077,0.8283011356989542,0.864221626520157,0.035920490821202744,True,0.4153846153846154
1,CCCC(=O)Oc1ccc(C)cc1,attention,13,0.8681318681318682,0.7834954857826233,0.7600360129560744,-0.02345947282654892,False,
1,CCCC(=O)Oc1ccc(C)cc1,integrated_gradients,13,0.027472527472527472,0.6201151822294507,0.7600360129560744,0.13992083072662365,True,0.3626373626373627
1,COCCOC(C)OCc1ccccc1,attention,15,0.5428571428571428,0.7856251336634159,0.8508923033252358,0.06526716966181989,True,
1,COCCOC(C)OCc1ccccc1,integrated_gradients,15,-0.010714285714285713,0.7527134716510773,0.8508923033252358,0.09817883167415853,True,0.6892857142857142
1,CC(C)CCOC(Cc1ccccc1)OCCC(C)C,attention,20,0.8784905660377359,0.8804935330436343,0.8810587186188924,0.000565185575258087,False,
1,CC(C)CCOC(Cc1ccccc1)OCCC(C)C,integrated_gradients,20,-0.5625942684766214,0.8140372037887573,0.8810587186188924,0.06702151483013508,True,-0.3734440099715418
1,CC1(C)C(=O)C2CCC1C2,attention,10,0.9146341463414634,0.6952023777094755,0.7938327886841515,0.09863041097467606,True,
1,CC1(C)C(=O)C2CCC1C2,integrated_gradients,10,-0.012195121951219513,0.6806920116597955,0.7938327886841515,0.11314077702435599,True,0.6219512195121952
1,COc1cc(C(C)=O)ccc1O,attention,12,0.7342657342657343,0.7188480450556829,0.7739392844530253,0.055091239397342395,True,
1,COc1cc(C(C)=O)ccc1O,integrated_gradients,12,-0.7412587412587414,0.5943005383014679,0.7739392844530253,0.1796387461515574,True,-0.3076923076923077
1,CC(C)C(=O)OCCc1ccccc1,attention,14,0.8325991189427313,0.8311706900596618,0.8081077218055726,-0.023062968254089267,False,
1,CC(C)C(=O)OCCc1ccccc1,integrated_gradients,14,-0.6519823788546256,0.6762041807174682,0.8081077218055726,0.13190354108810431,True,-0.12334801762114539
1,Cc1ncc2c(n1)COC2,attention,10,0.6727272727272726,0.8133002898909829,0.8628020267594945,0.04950173686851156,False,
1,Cc1ncc2c(n1)COC2,integrated_gradients,10,-0.2606060606060606,0.6563330536538904,0.8628020267594945,0.20646897310560408,True,0.6121212121212121
1,C=CCc1ccc(OC)cc1,attention,11,0.6513761467889908,0.8259098380804062,0.836806414524714,0.01089657644430786,False,
1,C=CCc1ccc(OC)cc1,integrated_gradients,11,0.07339449541284404,0.7999070584774017,0.836806414524714,0.036899356047312315,True,0.5779816513761469
1,CC1(C)C2CC=C(COC=O)C1C2,attention,13,0.9118457300275482,0.7958285765988486,0.8449254146644047,0.04909683806555609,True,
1,CC1(C)C2CC=C(COC=O)C1C2,integrated_gradients,13,-0.42148760330578516,0.7334681153297424,0.8449254146644047,0.11145729933466231,True,0.2231404958677686
1,Cc1ccc(O)c(C(C)(C)C)c1,attention,12,0.8581560283687945,0.8260927704664377,0.8629791041979423,0.03688633373150463,True,
1,Cc1ccc(O)c(C(C)(C)C)c1,integrated_gradients,12,0.673758865248227,0.8211064384533808,0.8629791041979423,0.0418726657445615,True,0.900709219858156
1,CC(=O)OC(C)(C)c1ccccc1,attention,13,0.9103456935516068,0.8370933745588575,0.8630562211785996,0.02596284661974213,True,
1,CC(=O)OC(C)(C)c1ccccc1,integrated_gradients,13,0.3002754820936639,0.7955672230039325,0.8630562211785996,0.06748899817466714,True,0.4579314700895961
1,CC(=O)n1ccc2ccccc21,attention,12,0.8671328671328673,0.7878410816192627,0.816927263369927,0.029086181750664353,False,
1,CC(=O)n1ccc2ccccc21,integrated_gradients,12,-0.23076923076923078,0.731869427057413,0.816927263369927,0.08505783631251407,True,0.15384615384615385
1,COCC(C)Cc1ccccc1,attention,12,0.992957746478873,0.8399448486474844,0.8583468618301244,0.01840201318264001,True,
1,COCC(C)Cc1ccccc1,integrated_gradients,12,-0.7183098591549296,0.8466623150385343,0.8583468618301244,0.011684546791590145,False,-0.035211267605633804
1,CC1=CCC(C(C)C)=CC1,attention,10,0.9878048780487806,0.8549786480990323,0.8874593734741211,0.032480725375088726,True,
1,CC1=CCC(C(C)C)=CC1,integrated_gradients,10,-0.7560975609756098,0.8644296743653037,0.8874593734741211,0.02302969910881736,True,-0.07317073170731708
1,O=C(O)C(=O)Cc1ccccc1,attention,12,0.9507042253521125,0.8856808634904715,0.8370524031611589,-0.04862846032931256,False,
1,O=C(O)C(=O)Cc1ccccc1,integrated_gradients,12,-0.788732394366197,0.6954706953122065,0.8370524031611589,0.1415817078489524,True,-0.9436619718309858
1,CC(C)c1ccc(C#N)cc1,attention,11,0.9262672811059908,0.8522151112556458,0.8754349070290723,0.023219795773426588,True,
1,CC(C)c1ccc(C#N)cc1,integrated_gradients,11,-0.22580645161290322,0.8375021318594614,0.8754349070290723,0.03793277516961091,True,0.2995391705069124
1,CCOC(=O)c1ccc(O)c(O)c1,attention,13,0.7417582417582418,0.8255139631884438,0.798006464115211,-0.0275074990732328,False,
1,CCOC(=O)c1ccc(O)c(O)c1,integrated_gradients,13,-0.521978021978022,0.6125096593584333,0.798006464115211,0.18549680475677777,True,-0.23076923076923078
1,CCCCC1(O)C(C)=CC(=O)CC1(C)C,attention,15,0.8175313059033988,0.7275709211826324,0.8516541890799999,0.12408326789736746,True,
1,CCCCC1(O)C(C)=CC(=O)CC1(C)C,integrated_gradients,15,-0.0661896243291592,0.7344024069607258,0.8516541890799999,0.11725178211927412,True,0.35241502683363146
1,C=C(C)CCCC(C)CCOC(=O)c1ccccc1,attention,19,0.780701754385965,0.8737226098775863,0.8694828958809376,-0.004239713996648686,False,
1,C=C(C)CCCC(C)CCOC(=O)c1ccccc1,integrated_gradients,19,-0.6491228070175438,0.7848255872726441,0.8694828958809376,0.08465730860829357,True,0.07543859649122807
1,CCCCCCCCCC(=O)OCCCc1ccccc1,attention,21,0.6935064935064935,0.9029860902916301,0.8890585728667,-0.013927517424930147,False,
1,CCCCCCCCCC(=O)OCCCc1ccccc1,integrated_gradients,21,0.12077922077922078,0.8255469528111544,0.8890585728667,0.06351162005554556,True,0.02857142857142857
1,Cc1occc1SSCc1ccco1,attention,14,0.7494505494505495,0.7960419575373332,0.8937882729371388,0.0977463153998056,True,
1,Cc1occc1SSCc1ccco1,integrated_gradients,14,-0.5208791208791209,0.7537893573443095,0.8937882729371388,0.1399989155928293,True,0.5252747252747253
1,CC1CCOC(c2ccccc2)C1,attention,13,0.7734806629834254,0.791464775800705,0.8315167263150215,0.04005195051431654,True,
1,CC1CCOC(c2ccccc2)C1,integrated_gradients,13,-0.24861878453038677,0.7908201387950352,0.8315167263150215,0.04069658751998628,True,0.30939226519337015
1,CCCCCCCC(C=O)=Cc1ccccc1,attention,17,0.7764127764127763,0.8555393583244748,0.871251318189833,0.015711959865358227,True,
1,CCCCCCCC(C=O)=Cc1ccccc1,integrated_gradients,17,-0.113022113022113,0.8661578165160285,0.871251318189833,0.0050935016738045125,False,-0.30958230958230953
1,CCCCCC(=O)OCc1ccccc1,attention,15,0.6,0.853590939193964,0.8211961971595884,-0.032394742034375645,False,
1,CCCCCC(=O)OCc1ccccc1,integrated_gradients,15,-0.48571428571428565,0.7067959308624268,0.8211961971595884,0.1144002662971616,True,0.014285714285714282
1,CC(=O)OC1CCCC1,attention,9,0.6833333333333333,0.7927915036678315,0.7716453251242638,-0.021146178543567706,False,
1,CC(=O)OC1CCCC1,integrated_gradients,9,-0.5499999999999999,0.6386291444301605,0.7716453251242638,0.13301618069410326,True,0.18333333333333335
1,CCCC1CCOC(C)S1,attention,10,0.49090909090909085,0.7957929860461842,0.8923839680173181,0.09659098197113392,True,
1,CCCC1CCOC(C)S1,integrated_gradients,10,-0.709090909090909,0.719513633034446,0.8923839680173181,0.17287033498287208,True,-0.0303030303030303
1,C=C(OCC)C1C(C)(C)CC(=O)CC1(C)C,attention,16,0.631268436578171,0.7622534247005687,0.8589196084176791,0.09666618371711044,True,
1,C=C(OCC)C1C(C)(C)CC(=O)CC1(C)C,integrated_gradients,16,-0.271386430678466,0.7408340327879962,0.8589196084176791,0.11808557562968292,True,0.5398230088495574
1,Cc1ccc2ccc(=O)oc2c1,attention,12,0.8391608391608393,0.8115972922398493,0.8227065336245756,0.011109241384726243,False,
1,Cc1ccc2ccc(=O)oc2c1,integrated_gradients,12,0.013986013986013986,0.7635952280117915,0.8227065336245756,0.059111305612784104,True,0.3846153846153847
1,CC(C)CCOC(=O)Cc1ccccc1,attention,15,0.8819320214669052,0.8204891309142113,0.820403541252017,-8.558966219429642e-05,False,
1,CC(C)CCOC(=O)Cc1ccccc1,integrated_gradients,15,-0.7602862254025043,0.7030870281159878,0.820403541252017,0.1173165131360292,True,-0.048300536672629686
1,c1ccc(Cc2ccccc2)cc1,attention,13,0.9551918529423226,0.8789940774440765,0.8970864887748444,0.018092411330767888,True,
1,c1ccc(Cc2ccccc2)cc1,integrated_gradients,13,0.6022099447513812,0.8720225308622632,0.8970864887748444,0.025063957912581203,True,0.281767955801105
1,CC1=CC(=O)CC(C)(C)C1,attention,10,0.6707317073170732,0.6931816881353204,0.7906962099400434,0.09751452180472298,True,
1,CC1=CC(=O)CC(C)(C)C1,integrated_gradients,10,-0.3780487804878049,0.6958482482216575,0.7906962099400434,0.09484796171838594,True,0.6463414634146342
1,Cc1ccccc1S,attention,8,0.7619047619047621,0.8724974658754137,0.880937029586898,0.008439563711484355,False,
1,Cc1ccccc1S,integrated_gradients,8,-0.5476190476190477,0.7742971976598104,0.880937029586898,0.10663983192708759,True,-0.38095238095238104
1,CCOc1cc(C=O)ccc1OC(C)=O,attention,15,0.8142857142857142,0.8013234958052635,0.8163039637729526,0.014980467967689037,False,
1,CCOc1cc(C=O)ccc1OC(C)=O,integrated_gradients,15,-0.7035714285714285,0.6506571136415005,0.8163039637729526,0.16564685013145208,True,-0.039285714285714285
1,COCc1ccc(OC)cc1,attention,11,0.9449541284403671,0.7387426495552063,0.7867520103851954,0.04800936082998908,True,
1,COCc1ccc(OC)cc1,integrated_gradients,11,-0.41284403669724773,0.7321197837591171,0.7867520103851954,0.05463222662607825,True,0.5688073394495413
1,CC(=O)OC(C)C1CC=C(C)C1(C)C,attention,14,0.9030837004405288,0.8260800997416179,0.8674272994200388,0.04134719967842093,True,
1,CC(=O)OC(C)C1CC=C(C)C1(C)C,integrated_gradients,14,-0.24669603524229078,0.8203945875167846,0.8674272994200388,0.0470327119032542,True,0.3303964757709251
1,CC1(C)CCCC2C(=O)C3CCC21C3,attention,14,0.7004405286343612,0.7730336308479309,0.8669610613584519,0.09392743051052099,True,
1,CC1(C)CCCC2C(=O)C3CCC21C3,integrated_gradients,14,-0.0881057268722467,0.7625342210133871,0.8669610613584519,0.10442684034506478,True,0.682819383259912
1,O=C1OC(C(O)CO)C(O)=C1O,attention,12,0.9020979020979022,0.9377124355389521,0.9078005687548563,-0.029911866784095853,False,
1,O=C1OC(C(O)CO)C(O)=C1O,integrated_gradients,12,-0.6293706293706295,0.7352328094152304,0.9078005687548563,0.17256775933962587,True,-0.7482517482517484
1,CSc1ccccc1,attention,8,0.9940297973880048,0.8174362911118401,0.8641314662165114,0.04669517510467125,False,
1,CSc1ccccc1,integrated_gradients,8,-0.880952380952381,0.8214577635129293,0.8641314662165114,0.04267370270358206,False,-0.14285714285714288
1,CC(O)C(=O)OCc1ccccc1,attention,13,0.8335633745393052,0.8658298977783748,0.8288400288139071,-0.036989868964467765,False,
1,CC(O)C(=O)OCc1ccccc1,integrated_gradients,13,-0.6813186813186813,0.7103980353900364,0.8288400288139071,0.11844199342387063,True,-0.5
1,CC1(CO)CC1CC1CC2CC2(C)C1(C)C,attention,16,0.926362297496318,0.8332436470424428,0.8970862565671697,0.06384260952472687,True,
1,CC1(CO)CC1CC1CC2CC2(C)C1(C)C,integrated_gradients,16,0.26362297496318116,0.8257191251305973,0.8970862565671697,0.07136713143657236,True,0.39322533136966126
1,CC(C)(c1ccc(O)cc1)c1ccc(O)cc1,attention,17,0.6363636363636364,0.8677349123689864,0.877204763227039,0.00946985085805263,False,
1,CC(C)(c1ccc(O)cc1)c1ccc(O)cc1,integrated_gradients,17,0.3560606060606061,0.845754560497072,0.877204763227039,0.031450202729967014,True,0.6742424242424243
1,CCCOC(=O)c1ccccc1,attention,12,0.8591549295774646,0.8326317759660574,0.8000005490504778,-0.032631226915579625,False,
1,CCCOC(=O)c1ccccc1,integrated_gradients,12,-0.556338028169014,0.657035020681528,0.8000005490504778,0.14296552836894982,True,-0.19718309859154926
1,CC1CCC(C(C)C)CC1=O,attention,11,0.6986301369863014,0.7157886177301407,0.7768514439463616,0.061062826216220945,True,
1,CC1CCC(C(C)C)CC1=O,integrated_gradients,11,-0.8173515981735161,0.7056514968474706,0.7768514439463616,0.07119994709889099,True,-0.26027397260273977
1,CCCCCCCC1CC=CC(=O)O1,attention,14,0.5736263736263736,0.7883686502774556,0.800241308013598,0.011872657736142433,False,
1,CCCCCCCC1CC=CC(=O)O1,integrated_gradients,14,-0.13406593406593406,0.6575296600659688,0.800241308013598,0.14271164794762925,True,0.16483516483516483
1,CC1OCC2(CC=CCC2C)CO1,attention,13,0.8665757854121489,0.8342873752117157,0.8548984849027226,0.02061110969100688,True,
1,CC1OCC2(CC=CCC2C)CO1,integrated_gradients,13,-0.5714285714285714,0.8501580613000053,0.8548984849027226,0.004740423602717314,False,0.2503441157857319
1,CC=Cc1ccc(OC=O)c(OC)c1,attention,14,0.9296703296703297,0.7680615067481995,0.7864303052425384,0.018368798494338923,False,
1,CC=Cc1ccc(OC=O)c(OC)c1,integrated_gradients,14,-0.26593406593406593,0.7039089322090148,0.7864303052425384,0.08252137303352358,True,0.14725274725274726
1,CCCC=CCOC(=O)Cc1ccccc1,attention,16,0.8082595870206488,0.8646392892388737,0.8561822279411204,-0.008457061297753254,False,
1,CCCC=CCOC(=O)Cc1ccccc1,integrated_gradients,16,-0.22418879056047195,0.7471101950196659,0.8561822279411204,0.10907203292145451,True,0.09439528023598819
1,CC1=C(O)C(=O)C(C(C)C)CC1,attention,12,0.6140350877192983,0.7371037281476535,0.7731327348030531,0.036029006655399654,False,
1,CC1=C(O)C(=O)C(C(C)C)CC1,integrated_gradients,12,-0.2771929824561404,0.6308529376983643,0.7731327348030531,0.14227979710468885,True,0.48771929824561405
1,CCCc1ccc(O)cc1,attention,10,0.558282208588957,0.8206692717292092,0.8249864369630814,0.0043171652338721556,False,
1,CCCc1ccc(O)cc1,integrated_gradients,10,0.09202453987730062,0.7934614528309215,0.8249864369630814,0.03152498413215987,True,0.49693251533742344
1,CC(=O)c1ccc(C)cc1,attention,10,0.8650306748466259,0.7424310608343645,0.7771380378441377,0.03470697700977321,False,
1,CC(=O)c1ccc(C)cc1,integrated_gradients,10,0.32515337423312884,0.6934627186168324,0.7771380378441377,0.08367531922730531,True,0.17791411042944785
1,CC(=O)OC(C)CCc1ccccc1,attention,14,0.8316836715862541,0.847091019153595,0.857648098866145,0.010557079712550044,False,
1,CC(=O)OC(C)CCc1ccccc1,integrated_gradients,14,-0.3274725274725274,0.7756048361460368,0.857648098866145,0.0820432627201082,True,0.3098901098901099
1,CCc1ccc(C=O)cc1,attention,10,0.8036809815950922,0.8162131742997603,0.8072172907265749,-0.00899588357318537,False,
1,CCc1ccc(C=O)cc1,integrated_gradients,10,0.33742331288343563,0.7657364715229381,0.8072172907265749,0.041480819203636776,True,0.2515337423312884
1,Sc1ccccc1,attention,7,0.4642857142857144,0.900610089302063,0.9052925776690245,0.004682488366961501,False,
1,Sc1ccccc1,integrated_gradients,7,-0.28571428571428575,0.8249058127403259,0.9052925776690245,0.08038676492869856,True,-0.39285714285714296
1,OCCCCCc1ccccc1,attention,12,0.6408450704225352,0.8266307253103989,0.8368990455682462,0.010268320257847297,False,
1,OCCCCCc1ccccc1,integrated_gradients,12,-0.4507042253521126,0.7832321662169236,0.8368990455682462,0.05366687935132264,True,0.3169014084507042
1,Cc1ccc2c(c1)C(C(C)C)CCC2C,attention,15,0.9248658318425759,0.8797379434108734,0.9018149530515075,0.022077009640634082,True,
1,Cc1ccc2c(c1)C(C(C)C)CCC2C,integrated_gradients,15,-0.16994633273703041,0.8818708062171936,0.9018149530515075,0.01994414683431389,True,0.25581395348837205
1,COC(=O)Cc1ccc(C(C)(C)C)cc1,attention,15,0.9499105545617172,0.7982576601207256,0.8572787486016751,0.059021088480949446,True,
1,COC(=O)Cc1ccc(C(C)(C)C)cc1,integrated_gradients,15,0.40966010733452596,0.7842809930443764,0.8572787486016751,0.0729977555572987,True,0.6851520572450804
1,C=C1CCC2CC1C2(C)C,attention,10,0.9268292682926831,0.8043479431759227,0.8799250860105863,0.07557714283466355,True,
1,C=C1CCC2CC1C2(C)C,integrated_gradients,10,0.2439024390243903,0.7788841832767833,0.8799250860105863,0.10104090273380295,True,0.5731707317073171
1,CC(=CC=O)CCC1CC1(C)C,attention,12,0.9017543859649123,0.7680864059008085,0.8509024560451508,0.08281605014434235,True,
1,CC(=CC=O)CCC1CC1(C)C,integrated_gradients,12,0.003508771929824562,0.7205423300082867,0.8509024560451508,0.1303601260368641,True,0.15789473684210528
1,CC1OC(c2ccc3c(c2)OCO3)OC1C,attention,16,0.8463810930576071,0.7698686929310069,0.8295512627152835,0.05968256978427655,True,
1,CC1OC(c2ccc3c(c2)OCO3)OC1C,integrated_gradients,16,-0.24372230428360414,0.6491446389871485,0.8295512627152835,0.18040662372813498,True,0.5273264401772526
1,CC(=O)CC(C)(C)c1ccccc1,attention,13,0.9504132231404959,0.7762592307158879,0.8416516382779393,0.06539240756205145,True,
1,CC(=O)CC(C)(C)c1ccccc1,integrated_gradients,13,-0.05234159779614325,0.7311017428125653,0.8416516382779393,0.11054989546537397,True,0.4986225895316805
1,CCOC(=O)CCc1ccccc1,attention,13,0.7455302788783884,0.8406524700777871,0.8285940036177634,-0.012058466460023731,False,
1,CCOC(=O)CCc1ccccc1,integrated_gradients,13,-0.2087912087912088,0.6684827506542206,0.8285940036177634,0.16011125296354278,True,0.07142857142857142
2,COc1ccc(COC(=O)C(C)C)cc1,attention,15,0.8749999999999999,0.8062053807079792,0.8029595986008644,-0.003245782107114792,False,
2,COc1ccc(COC(=O)C(C)C)cc1,integrated_gradients,15,-0.09285714285714285,0.667859360575676,0.8029595986008644,0.13510023802518845,True,-0.06428571428571428
2,CCOC(=O)C=Cc1ccccc1,attention,13,0.7125178680055446,0.8487867372376579,0.8714406254036087,0.02265388816595082,False,
2,CCOC(=O)C=Cc1ccccc1,integrated_gradients,13,0.0934065934065934,0.795539664370673,0.8714406254036087,0.07590096103293564,True,0.08241758241758242
2,Cc1cc(CC(C)C)ccc1CCC=O,attention,15,0.8533094812164579,0.8362891152501106,0.8594098329544068,0.023120717704296134,True,
2,Cc1cc(CC(C)C)ccc1CCC=O,integrated_gradients,15,0.6887298747763865,0.8114109598100185,0.8594098329544068,0.04799887314438822,True,0.5706618962432916
2,CCCCOC(=O)c1ccc(O)c(OC)c1,attention,16,0.8588235294117647,0.8601353063302881,0.8544902031912522,-0.005645103139035879,False,
2,CCCCOC(=O)c1ccc(O)c(OC)c1,integrated_gradients,16,-0.6029411764705882,0.7175084948539734,0.8544902031912522,0.13698170833727885,True,0.047058823529411764
2,CC=CC(=O)OC(C)(C)Cc1ccccc1,attention,16,0.9025110782865583,0.8134178975049187,0.8287680320879993,0.015350134583080655,False,
2,CC=CC(=O)OC(C)(C)Cc1ccccc1,integrated_gradients,16,0.48301329394387005,0.7138681587050942,0.8287680320879993,0.11489987338290508,True,0.15509601181683902
2,C=C(C)C1CCC(C)CC1=O,attention,11,0.5636363636363637,0.7376548598210017,0.7845762225488822,0.0469213627278805,True,
2,C=C(C)C1CCC(C)CC1=O,integrated_gradients,11,0.7454545454545456,0.7105622589588165,0.7845762225488822,0.07401396359006562,True,0.48181818181818187
2,CCCOC(=O)C=Cc1ccccc1,attention,14,0.8008805726386151,0.8444326003392537,0.8487591119607292,0.0043265116214754595,False,
2,CCCOC(=O)C=Cc1ccccc1,integrated_gradients,14,0.14725274725274726,0.767350439230601,0.8487591119607292,0.0814086727301282,True,0.01978021978021978
2,CC(C)CC=C(C=O)c1ccccc1,attention,14,0.9295154185022027,0.8338509519894918,0.8641537902752559,0.030302838285764078,True,
2,CC(C)CC=C(C=O)c1ccccc1,integrated_gradients,14,0.7092511013215859,0.8186898787816366,0.8641537902752559,0.04546391149361928,True,0.25110132158590315
2,CC(C)c1ccc(CCC=O)cc1,attention,13,0.8181818181818182,0.8275788468973977,0.8445269837975502,0.01694813690015251,True,
2,CC(C)c1ccc(CCC=O)cc1,integrated_gradients,13,0.8236914600550964,0.8030288347176143,0.8445269837975502,0.041498149079935875,True,0.4325068870523416
2,CCC(=O)c1cc(OC)c(O)c(OC)c1,attention,15,0.7596070950968951,0.8508075810968876,0.8780949775129556,0.027287396416068033,False,
2,CCC(=O)c1cc(OC)c(O)c(OC)c1,integrated_gradients,15,-0.22142857142857136,0.7772509008646011,0.8780949775129556,0.10084407664835449,True,0.1607142857142857
2,CC(C)(C)C1CCCCC1=O,attention,11,0.8703703703703702,0.7593454221884409,0.8276781395077706,0.06833271731932966,True,
2,CC(C)(C)C1CCCCC1=O,integrated_gradients,11,0.7685185185185185,0.7419184148311615,0.8276781395077706,0.08575972467660908,True,0.7037037037037036
2,COc1ccc(CO)cc1OC,attention,12,0.8461538461538463,0.8147215797350957,0.8385097781052957,0.023788198370199964,False,
2,COc1ccc(CO)cc1OC,integrated_gradients,12,-0.1328671328671329,0.7458998744304364,0.8385097781052957,0.09260990367485933,True,0.22377622377622378
2,CCCCCCCC1(C(=O)O)CC1,attention,13,0.6703296703296703,0.8539509986128125,0.8501534774899483,-0.0037975211228642447,False,
2,CCCCCCCC1(C(=O)O)CC1,integrated_gradients,13,-0.3021978021978022,0.8202246129512787,0.8501534774899483,0.02992886453866961,True,0.5714285714285714
2,CCc1ccc(CC=COC)cc1,attention,13,0.9491068125942583,0.7814728830541883,0.8165799306971687,0.03510704764298045,True,
2,CCc1ccc(CC=COC)cc1,integrated_gradients,13,-0.21978021978021978,0.7246397009917668,0.8165799306971687,0.09194022970540194,True,-0.010989010989010988
2,CCC(CC)C(=O)N(C)c1cccc(C)c1,attention,16,0.9734513274336282,0.8876512611613554,0.9084654920241413,0.020814230862785887,True,
2,CCC(CC)C(=O)N(C)c1cccc(C)c1,integrated_gradients,16,0.519174041297935,0.8822633869507733,0.9084654920241413,0.026202105073367954,True,0.7728613569321532
2,Cc1ccc(O)cc1,attention,8,0.523809523809524,0.8973430395126343,0.8835253053241304,-0.01381773418850385,False,
2,Cc1ccc(O)cc1,integrated_gradients,8,0.11904761904761905,0.8575752046373155,0.8835253053241304,0.025950100686814914,True,-0.07142857142857144
2,CCC1=C(C)C(=O)CC(C)C1CC,attention,13,0.9340659340659341,0.7580624520778656,0.8299210084336146,0.071858556355749,True,
2,CCC1=C(C)C(=O)CC(C)C1CC,integrated_gradients,13,0.8351648351648352,0.7856098413467407,0.8299210084336146,0.04431116708687388,True,0.7307692307692307
2,CC(=O)OC1CC2CC1C1CCCC21,attention,14,0.9208791208791209,0.8278654257456461,0.8665389360984166,0.038673510352770446,True,
2,CC(=O)OC1CC2CC1C1CCCC21,integrated_gradients,14,0.3010989010989011,0.8217253088951111,0.8665389360984166,0.044813627203305506,True,0.45494505494505494
2,CC1CC(C)c2nccnc21,attention,11,0.7767441860465116,0.8649917642275492,0.9170978871484599,0.05210612292091066,True,
2,CC1CC(C)c2nccnc21,integrated_gradients,11,0.1348837209302326,0.836154967546463,0.9170978871484599,0.08094291960199684,True,0.051162790697674425
2,c1ccc2c(c1)CCCN2,attention,10,0.8424242424242423,0.9455689137632196,0.9445784154263409,-0.000990498336878698,False,
2,c1ccc2c(c1)CCCN2,integrated_gradients,10,0.6606060606060605,0.9242877093228427,0.9445784154263409,0.020290706103498257,True,-0.01818181818181818
2,CC1CCC(=O)C1=O,attention,8,0.8333333333333335,0.8633886641926236,0.882710356844796,0.01932169265217243,False,
2,CC1CCC(=O)C1=O,integrated_gradients,8,0.3571428571428572,0.8459793527921041,0.882710356844796,0.03673100405269192,True,0.6666666666666669
2,COc1cc(CCC(C)=O)ccc1O,attention,14,0.7318681318681319,0.8368776003519695,0.8571618288755417,0.020284228523572256,False,
2,COc1cc(CCC(C)=O)ccc1O,integrated_gradients,14,-0.6439560439560439,0.7646264990170797,0.8571618288755417,0.09253532985846202,True,-0.1384615384615385
2,CCOC(=O)c1ccccc1CO,attention,13,0.8406593406593407,0.83794852239745,0.8327933258243968,-0.005155196573053189,False,
2,CCOC(=O)c1ccccc1CO,integrated_gradients,13,-0.027472527472527472,0.7779992776257652,0.8327933258243968,0.05479404819863165,True,0.0
2,CCOC(=O)CC(=O)c1ccccc1,attention,14,0.8901098901098902,0.8178923567136128,0.8334044794241589,0.015512122710546028,False,
2,CCOC(=O)CC(=O)c1ccccc1,integrated_gradients,14,-0.45494505494505494,0.7843432784080505,0.8334044794241589,0.049061201016108336,True,-0.1252747252747253
2,CC1(C)C2CCC(CS)C1C2,attention,11,0.8630136986301371,0.870656376083692,0.8948212102055549,0.024164834121862988,False,
2,CC1(C)C2CCC(CS)C1C2,integrated_gradients,11,0.05936073059360731,0.8399693965911865,0.8948212102055549,0.054851813614368417,True,0.589041095890411
2,CC(C)COC(=O)C=Cc1ccccc1,attention,15,0.780662801652879,0.8321496769785881,0.8633003441616893,0.03115066718310122,True,
2,CC(C)COC(=O)C=Cc1ccccc1,integrated_gradients,15,0.10196779964221823,0.7633363530039787,0.8633003441616893,0.0999639911577106,True,0.08236350659640466
2,O=CCOCCc1ccccc1,attention,12,0.5774647887323944,0.8461928138366113,0.8551738667946596,0.008981052958048297,False,
2,O=CCOCCc1ccccc1,integrated_gradients,12,0.5211267605633803,0.7846855475352361,0.8551738667946596,0.07048831925942345,True,-0.18309859154929578
2,CC1(C)COC2(CCCCC2)OC1,attention,13,0.4515235457063712,0.8988724819251469,0.9251815253070423,0.026309043381895436,True,
2,CC1(C)COC2(CCCCC2)OC1,integrated_gradients,13,0.7839335180055402,0.8784754872322083,0.9251815253070423,0.04670603807483409,True,0.35734072022160673
2,CC1(S)CCC2CC1C2(C)C,attention,11,0.7899543378995434,0.8595056484142939,0.867471764733394,0.007966116319100158,False,
2,CC1(S)CCC2CC1C2(C)C,integrated_gradients,11,-0.2968036529680365,0.811978280544281,0.867471764733394,0.05549348418911304,True,0.004566210045662101
2,C=Cc1cc(OC)c(O)c(OC)c1,attention,13,0.8131868131868131,0.862813549382346,0.8928668002997127,0.03005325091736666,True,
2,C=Cc1cc(OC)c(O)c(OC)c1,integrated_gradients,13,-0.7967032967032966,0.7967225398336139,0.8928668002997127,0.09614426046609881,True,-0.11538461538461539
2,CCC(C=O)=Cc1ccccc1,attention,12,0.908450704225352,0.8378298145074111,0.8538954789821919,0.01606566447478075,True,
2,CCC(C=O)=Cc1ccccc1,integrated_gradients,12,0.6408450704225352,0.8114827229426458,0.8538954789821919,0.042412756039546085,True,0.05633802816901407
2,CC(C)(C)c1ccc(CCC=O)cc1,attention,14,0.8834633632279557,0.8105815688769022,0.8509724239508311,0.04039085507392881,True,
2,CC(C)(C)c1ccc(CCC=O)cc1,integrated_gradients,14,0.5121951219512195,0.8009942332903545,0.8509724239508311,0.049978190660476596,True,0.5121951219512195
2,Cc1nc2ccccc2s1,attention,10,0.6727272727272726,0.8875276229598306,0.9137920875440946,0.026264464584264013,True,
2,Cc1nc2ccccc2s1,integrated_gradients,10,0.2121212121212121,0.8564552935686979,0.9137920875440946,0.057336793975396705,True,0.7939393939393938
2,CC1=C(C)CC2(COCOC2)C(C)C1,attention,14,0.9116997792494481,0.8246312578519185,0.8673036513725917,0.0426723935206732,True,
2,CC1=C(C)CC2(COCOC2)C(C)C1,integrated_gradients,14,0.7571743929359823,0.8188383102416992,0.8673036513725917,0.048465341130892514,True,0.5055187637969095
2,C1CNCCN1.O=C(O)CCCCC(=O)O,attention,16,0.6133135597321405,0.9517813465174507,0.9693725605221356,0.017591214004684885,True,
2,C1CNCCN1.O=C(O)CCCCC(=O)O,integrated_gradients,16,-0.5186846038863977,0.88766488608192,0.9693725605221356,0.08170767444021565,True,0.3423019431988042
2,O=C(O)C1CCCN1,attention,8,0.7380952380952381,0.9769051339891222,0.956586825185352,-0.02031830880377017,False,
2,O=C(O)C1CCCN1,integrated_gradients,8,-0.6904761904761906,0.8555489050017463,0.956586825185352,0.10103792018360569,True,0.04761904761904763
2,CC(C)C(=O)[O-].CCOc1cc(C=O)ccc1O,attention,18,0.8636363636363638,0.9586247174363387,0.9483755790873578,-0.01024913834898089,False,
2,CC(C)C(=O)[O-].CCOc1cc(C=O)ccc1O,integrated_gradients,18,-0.4855371900826447,0.8778898182668184,0.9483755790873578,0.07048576082053937,True,-0.15082644628099173
2,O=CC1CCC2C3CCC(C3)C12,attention,12,0.8181818181818183,0.8738730549812317,0.8901469150414835,0.016273860060251777,True,
2,O=CC1CCC2C3CCC(C3)C12,integrated_gradients,12,0.8601398601398602,0.8572069223110492,0.8901469150414835,0.03293999273043424,True,0.6433566433566434
2,Cc1ccc(C(C)C=O)cc1,attention,11,0.8990825688073396,0.8649481038252512,0.8722819954156874,0.007333891590436181,False,
2,Cc1ccc(C(C)C=O)cc1,integrated_gradients,11,0.6330275229357799,0.8196674486001333,0.8722819954156874,0.05261454681555411,True,0.0
2,O=C1CCC=CCCCCCCCCCC1,attention,16,0.8144329896907216,0.9011707761708427,0.9005224326077631,-0.0006483435630796341,False,
2,O=C1CCC=CCCCCCCCCCC1,integrated_gradients,16,0.39999999999999997,0.8675612456658307,0.9005224326077631,0.0329611869419324,True,-0.17807216005584123
2,COc1ccc(COC(=O)Cc2ccccc2)cc1,attention,19,0.8699472759226715,0.878263783454895,0.8893257512152195,0.011061967760324531,False,
2,COc1ccc(COC(=O)Cc2ccccc2)cc1,integrated_gradients,19,-0.20562390158172236,0.7983475893735885,0.8893257512152195,0.09097816184163099,True,0.14059753954305804
2,CC=Cc1cc(OC)c(O)c(OC)c1,attention,14,0.7802197802197802,0.8533888141314189,0.8739206008116405,0.020531786680221598,False,
2,CC=Cc1cc(OC)c(O)c(OC)c1,integrated_gradients,14,-0.5648351648351648,0.7844261288642883,0.8739206008116405,0.08949447194735216,True,-0.006593406593406593
2,CC1OC=CC1=O,attention,7,0.8928571428571429,0.8956089168787003,0.8946769252419472,-0.0009319916367530601,False,
2,CC1OC=CC1=O,integrated_gradients,7,0.3214285714285715,0.8658202588558197,0.8946769252419472,0.028856666386127494,False,0.3214285714285715
2,CC(C)(O)c1ccccc1,attention,10,0.9259259259259257,0.8493633432821794,0.8876501782373948,0.03828683495521534,True,
2,CC(C)(O)c1ccccc1,integrated_gradients,10,0.9629629629629629,0.868039916862141,0.8876501782373948,0.01961026137525379,True,0.48148148148148145
2,CC(C)C(C=O)c1ccccc1,attention,12,0.9363957597173144,0.8594220784994272,0.8766190755825777,0.017196997083150478,True,
2,CC(C)C(C=O)c1ccccc1,integrated_gradients,12,0.7597173144876326,0.8371138939490685,0.8766190755825777,0.039505181633509134,True,0.16607773851590105
2,CCOC(=O)C(O)Cc1ccccc1,attention,14,0.8888894267747266,0.8608657995859782,0.8682339032491049,0.007368103663126679,False,
2,CCOC(=O)C(O)Cc1ccccc1,integrated_gradients,14,0.054945054945054944,0.8396032094955445,0.8682339032491049,0.02863069375356042,True,0.42857142857142855
2,COC(C=Cc1ccccc1)OC,attention,13,0.9211627068358054,0.8853378210748944,0.8958276152610779,0.010489794186183454,False,
2,COC(C=Cc1ccccc1)OC,integrated_gradients,13,-0.12707182320441987,0.82120338508061,0.8958276152610779,0.07462423018046793,True,0.1823204419889503
2,CC1=CC(=O)C2CC1C2(C)C,attention,11,0.9543378995433791,0.7702335168917974,0.8385614963869255,0.06832797949512803,True,
2,CC1=CC(=O)C2CC1C2(C)C,integrated_gradients,11,0.9543378995433791,0.761691078543663,0.8385614963869255,0.07687041784326243,True,0.8538812785388127
2,CCCC(=O)OC(CC)c1ccccc1,attention,15,0.7678571428571428,0.7827032431960106,0.8032944899052381,0.020591246709227518,False,
2,CCCC(=O)OC(CC)c1ccccc1,integrated_gradients,15,-0.4392857142857142,0.7355851642787457,0.8032944899052381,0.06770932562649246,True,-0.3071428571428571
2,CC12CCCC(OC=O)(C1)C1CC(C)(C)C1CC2,attention,18,0.8657024793388431,0.8325992508938438,0.8813683585116736,0.04876910761782982,True,
2,CC12CCCC(OC=O)(C1)C1CC(C)(C)C1CC2,integrated_gradients,18,0.7892561983471075,0.7740510921729239,0.8813683585116736,0.10731726633874972,True,0.2892561983471074
2,CC(COC(=O)c1ccccc1)OC(=O)c1ccccc1,attention,21,0.8058537011489839,0.8826947456056421,0.9052690718661655,0.02257432626052336,True,
2,CC(COC(=O)c1ccccc1)OC(=O)c1ccccc1,integrated_gradients,21,-0.09362808842652795,0.8393027917905287,0.9052690718661655,0.06596628007563676,True,0.3414634326902474
2,COc1ccc2ccc(=O)oc2c1,attention,13,0.8901098901098902,0.8621857804911477,0.8765276395848819,0.0143418590937342,False,
2,COc1ccc2ccc(=O)oc2c1,integrated_gradients,13,-0.1868131868131868,0.820891763482775,0.8765276395848819,0.05563587610210685,True,0.15934065934065936
2,C=C(C)C1CCC(C)=CC1=O,attention,11,0.6818181818181819,0.7483188062906265,0.7917504789928596,0.043431672702233026,True,
2,C=C(C)C1CCC(C)=CC1=O,integrated_gradients,11,0.26363636363636367,0.727615570028623,0.7917504789928596,0.06413490896423657,True,0.44545454545454555
2,O.O.O.O.O.O.O.O.OB1O[B-]2(O)OB(O)O[B-](O)(O1)O2.[Na+].[Na+],attention,23,0.989159891598916,0.9933402091264725,0.9939001706739268,0.0005599615474543018,False,
2,O.O.O.O.O.O.O.O.OB1O[B-]2(O)OB(O)O[B-](O)(O1)O2.[Na+].[Na+],integrated_gradients,23,0.06285714285714286,0.9901742910345396,0.9939001706739268,0.0037258796393871974,True,-0.2531073908104295
2,c1coc(CSCc2ccco2)c1,attention,13,0.3438792799254559,0.7929780355521611,0.910929871882711,0.11795183633054995,True,
2,c1coc(CSCc2ccco2)c1,integrated_gradients,13,-0.3516483516483516,0.7921698987483978,0.910929871882711,0.11875997313431319,True,0.901098901098901
2,CC(=O)C=Cc1ccccc1,attention,11,0.9266055045871561,0.8629094163576762,0.8786774344742299,0.015768018116553706,True,
2,CC(=O)C=Cc1ccccc1,integrated_gradients,11,0.3211009174311926,0.8557550062735876,0.8786774344742299,0.022922428200642275,True,0.41284403669724773
2,CCOc1ccc(C(C)=O)cc1,attention,12,0.8521126760563379,0.8261499175658593,0.8034160616306159,-0.022733855935243463,False,
2,CCOc1ccc(C(C)=O)cc1,integrated_gradients,12,-0.17605633802816903,0.7237351536750793,0.8034160616306159,0.0796809079555365,True,0.049295774647887314
2,CCCCCC#CC(=O)OCc1ccccc1,attention,17,0.5970515970515969,0.8960268762376573,0.9141742390063075,0.018147362768650144,True,
2,CCCCCC#CC(=O)OCc1ccccc1,integrated_gradients,17,-0.11793611793611793,0.8628959026601579,0.9141742390063075,0.05127833634614953,True,0.3685503685503685
2,O=C(C=Cc1ccccc1)OC1CCCCC1,attention,17,0.5492610837438423,0.8643296592765384,0.8803998114334212,0.01607015215688279,True,
2,O=C(C=Cc1ccccc1)OC1CCCCC1,integrated_gradients,17,0.13546798029556648,0.8355304797490438,0.8803998114334212,0.044869331684377345,True,0.03448275862068965
2,CCOC(=O)Cc1ccccc1,attention,12,0.8943661971830984,0.8075693524800814,0.8216562307797945,0.014086878299713113,False,
2,CCOC(=O)Cc1ccccc1,integrated_gradients,12,-0.37323943661971826,0.7651195709521954,0.8216562307797945,0.056536659827599145,True,0.2253521126760563
2,O=C(OC1CCCCC1)c1ccccc1O,attention,16,0.6460176991150441,0.8627488402759328,0.8549088008263531,-0.007840039449579672,False,
2,O=C(OC1CCCCC1)c1ccccc1O,integrated_gradients,16,-0.45722713864306785,0.7879064012976253,0.8549088008263531,0.06700239952872777,True,0.011799410029498523
2,CC(=O)C1(C)CC2=C(CCCC2(C)C)CC1C,attention,17,0.8576687116564418,0.8410348693529764,0.895028937028514,0.053994067675537605,True,
2,CC(=O)C1(C)CC2=C(CCCC2(C)C)CC1C,integrated_gradients,17,0.8404907975460123,0.8402016990714603,0.895028937028514,0.0548272379570538,True,0.6000000000000001
2,CCc1cc(OC)c(O)c(OC)c1,attention,13,0.7197802197802198,0.8139347944940839,0.8557496673294475,0.04181487283536356,True,
2,CCc1cc(OC)c(O)c(OC)c1,integrated_gradients,13,-0.6703296703296703,0.7404211589268276,0.8557496673294475,0.11532850840261988,True,0.0
2,CCCc1ccc(OC)cc1,attention,11,0.8807339449541285,0.8128133366505305,0.8096155487000942,-0.003197787950436237,False,
2,CCCc1ccc(OC)cc1,integrated_gradients,11,-0.45871559633027525,0.7594484984874725,0.8096155487000942,0.05016705021262169,True,-0.1559633027522936
2,CCC(C)C(=O)OCCc1ccccc1,attention,15,0.851520572450805,0.7529129758477211,0.7686921212822199,0.015779145434498765,False,
2,CCC(C)C(=O)OCCc1ccccc1,integrated_gradients,15,-0.6214285714285712,0.6875148974359035,0.7686921212822199,0.08117722384631632,True,-0.1483467973953936
2,CC1CCC(CCCC(=O)O)C1(C)C,attention,14,0.8370044052863438,0.8143013079961141,0.8784301781654357,0.06412887016932156,True,
2,CC1CCC(CCCC(=O)O)C1(C)C,integrated_gradients,14,0.6784140969162996,0.7808508038520813,0.8784301781654357,0.0975793743133544,True,0.6035242290748899
2,CC(C)C1CC(c2ccccc2)C=CO1,attention,15,0.8061041292639136,0.8892682231962681,0.9000505296513438,0.010782306455075719,True,
2,CC(C)C1CC(c2ccccc2)C=CO1,integrated_gradients,15,0.393177737881508,0.8630314022302628,0.9000505296513438,0.037019127421081044,True,0.016157989228007177
2,CC1=C(O)C(=O)C(C)S1,attention,9,0.9833333333333333,0.9327506184577942,0.9424158510565759,0.009665232598781714,False,
2,CC1=C(O)C(=O)C(C)S1,integrated_gradients,9,0.21666666666666667,0.8323045790195465,0.9424158510565759,0.11011127203702942,True,0.2333333333333333
2,C=C1C=CC(C(C)CCC=C(C)C)CC1,attention,15,0.9785714285714284,0.8324429020285606,0.859359372779727,0.02691647075116632,True,
2,C=C1C=CC(C(C)CCC=C(C)C)CC1,integrated_gradients,15,0.3,0.8279634639620781,0.859359372779727,0.031395908817648865,True,0.2178571428571428
2,CCCCCCc1ccc(C=CC(OC)OC)cc1,attention,19,0.8852748107981986,0.8614506006240845,0.8610630580782889,-0.0003875425457956494,False,
2,CCCCCCc1ccc(C=CC(OC)OC)cc1,integrated_gradients,19,0.20562390158172236,0.8035390377044678,0.8610630580782889,0.057524020373821094,True,-0.18277680140597544
2,CCCOC(=O)c1ccccc1N,attention,13,0.9230769230769231,0.8314639244760785,0.8242034792900086,-0.0072604451860699415,False,
2,CCCOC(=O)c1ccccc1N,integrated_gradients,13,-0.1868131868131868,0.7268666752747127,0.8242034792900086,0.09733680401529587,True,-0.06593406593406594
2,CC(=O)[O-].CC(=O)[O-].CCC(=O)c1ccc(F)c(C2CC2NC(=O)Nc2ccc(C#N)cn2)c1O.[Zn+2],attention,36,0.7334535153232036,0.9829290960286114,0.9849606689569113,0.0020315729282998074,False,
2,CC(=O)[O-].CC(=O)[O-].CCC(=O)c1ccc(F)c(C2CC2NC(=O)Nc2ccc(C#N)cn2)c1O.[Zn+2],integrated_gradients,36,0.08318310584599535,0.9551954833236901,0.9849606689569113,0.02976518563322117,True,0.05949008498583568
2,COC(=O)c1ccccc1N=CC=Cc1ccccc1,attention,20,0.7920271338598255,0.9015682765415737,0.9084465411447343,0.006878264603160655,False,
2,COC(=O)c1ccccc1N=CC=Cc1ccccc1,integrated_gradients,20,-0.30526315789473685,0.8819626484598432,0.9084465411447343,0.026483892684891153,True,-0.10225563909774435
2,CC1=CC(=O)C(C(C)C)CC1,attention,11,0.7625570776255707,0.7551653981208801,0.7955921545624733,0.040426756441593215,True,
2,CC1=CC(=O)C(C(C)C)CC1,integrated_gradients,11,0.6438356164383562,0.7200567672650019,0.7955921545624733,0.07553538729747145,True,0.46118721461187223
2,CCOc1ccccc1CO,attention,11,0.7727272727272727,0.8562843799591064,0.8148362390697003,-0.04144814088940618,False,
2,CCOc1ccccc1CO,integrated_gradients,11,-0.3454545454545455,0.7345394541819891,0.8148362390697003,0.08029678488771119,True,-0.48181818181818187
2,C=CCCC1=C(C)C(=O)CCC1(C)C,attention,14,0.8590308370044053,0.7701528747876485,0.7936500112215679,0.023497136433919374,True,
2,C=CCCC1=C(C)C(=O)CCC1(C)C,integrated_gradients,14,-0.039647577092511016,0.7499214092890422,0.7936500112215679,0.0437286019325257,True,0.3656387665198238
2,CCCC(O)Cc1ccccc1,attention,12,0.908450704225352,0.8549609596912677,0.8566274060652808,0.0016664463740130309,False,
2,CCCC(O)Cc1ccccc1,integrated_gradients,12,0.8028169014084505,0.8292886706498953,0.8566274060652808,0.02733873541538545,True,-0.09859154929577463
2,CCc1cc2c(cc1C(C)=O)C(C)(C)CCC2(C)C,attention,19,0.9350307287093942,0.8728721916675568,0.9304986780881883,0.057626486420631506,True,
2,CCc1cc2c(cc1C(C)=O)C(C)(C)CCC2(C)C,integrated_gradients,19,0.6927129060579454,0.8739849835634231,0.9304986780881883,0.05651369452476518,True,0.768217734855136
2,COC(=O)c1c(C)cc(O)c(C)c1O,attention,14,0.9164835164835166,0.8872934659322103,0.9076044325033823,0.02031096657117204,True,
2,COC(=O)c1c(C)cc(O)c(C)c1O,integrated_gradients,14,-0.3098901098901099,0.8190795024236043,0.9076044325033823,0.08852493007977802,True,0.16483516483516483
2,CC(=O)OCc1ccc(C)cc1,attention,12,0.7464788732394365,0.7961201209288377,0.7932018532202794,-0.0029182677085582975,False,
2,CC(=O)OCc1ccc(C)cc1,integrated_gradients,12,-0.028169014084507036,0.6547682835505559,0.7932018532202794,0.13843356966972342,True,-0.05633802816901407
2,CC1=CC2C(CCC(C)=CCC1)C2(C)C,attention,15,0.964221824686941,0.8580664433538914,0.8962058158591389,0.03813937250524757,True,
2,CC1=CC2C(CCC(C)=CCC1)C2(C)C,integrated_gradients,15,0.7137745974955277,0.8639133162796497,0.8962058158591389,0.03229249957948921,True,0.8926654740608229
2,C=CCC(C=O)c1ccccc1,attention,12,0.8732394366197181,0.8728434260074909,0.8827672068889326,0.009923780881441746,False,
2,C=CCC(C=O)c1ccccc1,integrated_gradients,12,0.6408450704225352,0.857470168517186,0.8827672068889326,0.025297038371746572,True,0.408450704225352
2,C=CCCC(=O)C1=CC2(CCCC2)CCC1,attention,16,0.5162241887905604,0.8321684633984285,0.8566232709323659,0.02445480753393736,True,
2,C=CCCC(=O)C1=CC2(CCCC2)CCC1,integrated_gradients,16,-0.15634218289085544,0.8023218582658207,0.8566232709323659,0.0543014126665452,True,0.3126843657817109
2,CCC(=O)OC1CCCCCCCCCCC1,attention,17,0.6905940594059407,0.8696165415975783,0.8953819435503748,0.02576540195279653,True,
2,CCC(=O)OC1CCCCCCCCCCC1,integrated_gradients,17,-0.33168927250308267,0.8700102402104272,0.8953819435503748,0.02537170333994765,True,0.37801176694388916
2,CC1=CCC(CC#N)C1(C)C,attention,11,0.9452054794520549,0.8451878180106481,0.8923709032436212,0.0471830852329731,True,
2,CC1=CCC(CC#N)C1(C)C,integrated_gradients,11,0.8812785388127855,0.8393594523270925,0.8923709032436212,0.0530114509165287,True,0.5707762557077626
2,Cc1oc2ccccc2c1C,attention,11,0.8909090909090911,0.8438418656587601,0.9112090907990933,0.06736722514033322,True,
2,Cc1oc2ccccc2c1C,integrated_gradients,11,0.6454545454545455,0.8540418148040771,0.9112090907990933,0.05716727599501614,True,0.8727272727272729
2,CC(=O)OC=Cc1ccccc1,attention,12,0.8309859154929576,0.8861851692199707,0.8916965583196053,0.005511389099634556,False,
2,CC(=O)OC=Cc1ccccc1,integrated_gradients,12,0.23943661971830982,0.8555035178477948,0.8916965583196053,0.03619304047181049,True,0.23239436619718304
2,O=C(CCc1ccccc1)OCCCc1ccccc1,attention,20,0.8188324497950057,0.8823234495662508,0.8968249414648328,0.014501491898582075,False,
2,O=C(CCc1ccccc1)OCCCc1ccccc1,integrated_gradients,20,0.17018072289156627,0.8327368497848511,0.8968249414648328,0.06408809167998175,True,0.177710843373494
2,CC(CC=O)CCCC(C)(C)O.c1ccc2[nH]ccc2c1,attention,21,0.857050032488629,0.8689576306126334,0.8641170939261263,-0.00484053668650708,False,
2,CC(CC=O)CCCC(C)(C)O.c1ccc2[nH]ccc2c1,integrated_gradients,21,0.15789473684210525,0.8318475051359697,0.8641170939261263,0.03226958879015662,True,0.29824561403508776
2,CCC1NC(CC)SC(CC)S1,attention,12,0.46808510638297873,0.9115201143118051,0.9479896623354691,0.03646954802366398,True,
2,CCC1NC(CC)SC(CC)S1,integrated_gradients,12,-0.2198581560283688,0.83379144851978,0.9479896623354691,0.11419821381568906,True,0.5957446808510639
2,CC(=O)OCCC1CC=C(C)C1(C)C,attention,14,0.9603524229074891,0.7540901303291321,0.7947548153003058,0.040664684971173704,True,
2,CC(=O)OCCC1CC=C(C)C1(C)C,integrated_gradients,14,0.3524229074889868,0.7540707071622212,0.7947548153003058,0.04068410813808454,True,0.5418502202643172
2,C=CCOC(=O)c1ccccc1,attention,12,0.8732394366197181,0.886854350566864,0.8682345958856436,-0.018619754681220457,False,
2,C=CCOC(=O)c1ccccc1,integrated_gradients,12,-0.04225352112676055,0.8120409204409673,0.8682345958856436,0.05619367544467624,True,0.19718309859154926
2,CC1CCC(C(C)C)C(NC(=O)C2CC2)C1,attention,16,0.7758112094395279,0.9280307608492234,0.9399417466977062,0.011910985848482825,True,
2,CC1CCC(C(C)C)C(NC(=O)C2CC2)C1,integrated_gradients,16,0.45722713864306785,0.8998983081649331,0.9399417466977062,0.040043438532773146,True,0.687315634218289
2,OCc1ccc(O)cc1,attention,9,0.43333333333333335,0.9361814975738525,0.9036528271436692,-0.03252867043018326,False,
2,OCc1ccc(O)cc1,integrated_gradients,9,-0.39999999999999997,0.8727089107036591,0.9036528271436692,0.030943916440010155,True,-0.6666666666666667
2,OC(Cc1ccccc1)c1ccccc1,attention,15,0.870967741935484,0.9235697239637375,0.9292515095323324,0.005681785568594888,True,
2,OC(Cc1ccccc1)c1ccccc1,integrated_gradients,15,0.6523297491039428,0.9016492106020451,0.9292515095323324,0.027602298930287317,True,0.2222222222222222
2,CCOC(=O)C1C(C=C(C)C)C1(C)C,attention,14,0.9514348785871963,0.7526246666908264,0.8055143501361209,0.052889683445294544,True,
2,CCOC(=O)C1C(C=C(C)C)C1(C)C,integrated_gradients,14,0.5894039735099338,0.7475222786267598,0.8055143501361209,0.05799207150936114,True,0.792494481236203
2,CCCCCC(=O)OCCc1ccccc1,attention,16,0.7168141592920353,0.7759009564624113,0.7898600362679538,0.013959079805542451,False,
2,CCCCCC(=O)OCCc1ccccc1,integrated_gradients,16,-0.7463126843657817,0.71732299117481,0.7898600362679538,0.07253704509314374,True,-0.020648967551622415
2,O=C1CCCCCCCCCCCCCCC1,attention,17,0.8809523809523808,0.9198687904410892,0.928296531074577,0.008427740633487835,True,
2,O=C1CCCCCCCCCCCCCCC1,integrated_gradients,17,-0.1588089330024814,0.9017825855149163,0.928296531074577,0.02651394555966069,True,0.5944147285001454
2,C1CCCC2(CCC1)CCCO2,attention,12,0.08833922261484099,0.9310229970858648,0.9327287861934075,0.00170578910754271,False,
2,C1CCCC2(CCC1)CCCO2,integrated_gradients,12,0.7455830388692579,0.9227328896522522,0.9327287861934075,0.009995896541155291,True,0.40636042402826855
2,CC(C)C=C(C=O)c1ccccc1,attention,13,0.9710354064550472,0.8504733869007656,0.8722880237868855,0.021814636886119954,True,
2,CC(C)C=C(C=O)c1ccccc1,integrated_gradients,13,0.6143250688705235,0.8277989200183323,0.8722880237868855,0.044489103768553195,True,0.41597796143250687
2,CC1CCCCCCCCCCCCC(=O)O1,attention,17,0.6203473945409428,0.8724069628450606,0.9047877131236921,0.03238075027863152,True,
2,CC1CCCCCCCCCCCCC(=O)O1,integrated_gradients,17,-0.2132352941176471,0.8622247477372488,0.9047877131236921,0.04256296538644333,True,0.5388511780887836
2,O=C1CCC2=C(CCCC2)O1,attention,11,0.5818181818181819,0.8527966241041819,0.871855581800143,0.01905895769596111,True,
2,O=C1CCC2=C(CCCC2)O1,integrated_gradients,11,0.20000000000000004,0.8291469464699427,0.871855581800143,0.042708635330200306,True,0.5272727272727273
2,C=CCOCCc1ccccc1,attention,12,0.7535211267605634,0.8759633623636686,0.8771863073110581,0.0012229449473895038,False,
2,C=CCOCCc1ccccc1,integrated_gradients,12,0.0,0.8141355743775001,0.8771863073110581,0.063050732933558,True,-0.049295774647887314
2,CC1C(=O)C2CC1C(C)(C)C2,attention,11,0.7990867579908677,0.7862143764893214,0.8393970467150211,0.05318267022569978,True,
2,CC1C(=O)C2CC1C(C)(C)C2,integrated_gradients,11,0.7351598173515982,0.7717607369025549,0.8393970467150211,0.06763630981246627,True,0.8173515981735161
2,CC1=CCC2(CC1)C(C)CCC2C(C)(C)O,attention,16,0.7466863033873342,0.8418592950877022,0.8909808937241049,0.04912159863640275,True,
2,CC1=CCC2(CC1)C(C)CCC2C(C)(C)O,integrated_gradients,16,0.7997054491899853,0.8388437032699585,0.8909808937241049,0.05213719045414644,True,0.7260677466863034
2,C=CC(C)(CCC=C(C)C)OC(=O)c1ccccc1,attention,19,0.9157155399473221,0.7767980217933654,0.794382018148899,0.017583996355533538,False,
2,C=CC(C)(CCC=C(C)C)OC(=O)c1ccccc1,integrated_gradients,19,-0.39947322212467073,0.702212980389595,0.794382018148899,0.09216903775930396,True,-0.13959613696224757
2,CC(C)=CCOC(=O)c1ccccc1,attention,14,0.9295154185022027,0.784803299109141,0.7830791807174683,-0.0017241183916727465,False,
2,CC(C)=CCOC(=O)c1ccccc1,integrated_gradients,14,-0.35682819383259917,0.6892828067143758,0.7830791807174683,0.09379637400309249,True,-0.27312775330396477
2,COC(C)OC(C)OCc1ccccc1,attention,15,0.8775696086884129,0.919757355004549,0.9105874244123697,-0.009169930592179298,False,
2,COC(C)OC(C)OCc1ccccc1,integrated_gradients,15,-0.5214285714285714,0.8425373509526253,0.9105874244123697,0.06805007345974445,True,-0.20196612175517445
2,COc1ccc(C=O)cc1O,attention,11,0.7636363636363637,0.8775650461514791,0.8799987437824409,0.0024336976309617953,False,
2,COc1ccc(C=O)cc1O,integrated_gradients,11,-0.44545454545454555,0.8123232821623484,0.8799987437824409,0.06767546162009253,True,0.07272727272727274
2,CCOC(=O)CC(O)c1ccccc1,attention,14,0.8901098901098902,0.8367785811424255,0.847930373152097,0.011151792009671424,False,
2,CCOC(=O)CC(O)c1ccccc1,integrated_gradients,14,-0.16043956043956045,0.8031386454900106,0.847930373152097,0.04479172766208639,True,0.3494505494505495
2,CCOC(=O)C(C)(O)c1ccccc1,attention,14,0.884488984067921,0.820346732934316,0.8376793092489244,0.017332576314608383,False,
2,CCOC(=O)C(C)(O)c1ccccc1,integrated_gradients,14,-0.01098901098901099,0.7881100098292033,0.8376793092489244,0.0495692994197211,True,0.3054945054945055
2,C=CCc1cc(OC)c(OC)c(OC)c1,attention,15,0.8035714285714284,0.8150224946439266,0.8633520720526576,0.048329577408731006,True,
2,C=CCc1cc(OC)c(OC)c(OC)c1,integrated_gradients,15,-0.6678571428571428,0.7804628014564514,0.8633520720526576,0.08288927059620621,True,0.075
2,CCCCOC(C)OCCc1ccccc1,attention,16,0.5663716814159292,0.8896169697537142,0.8948477608316086,0.00523079107789437,False,
2,CCCCOC(C)OCCc1ccccc1,integrated_gradients,16,-0.3510324483775811,0.8151289925855749,0.8948477608316086,0.07971876824603363,True,-0.10619469026548672
2,CCCCCCCOC(=O)C=Cc1ccccc1,attention,18,0.621509824198552,0.8263292438105533,0.8295555315519636,0.0032262877414103164,False,
2,CCCCCCCOC(=O)C=Cc1ccccc1,integrated_gradients,18,-0.5036194415718717,0.7764298068849664,0.8295555315519636,0.053125724666997165,True,0.029989658738366072
2,CC(CC=O)CCc1ccccc1,attention,13,0.9215964702002218,0.8231031383786883,0.827637040402208,0.004533902023519665,False,
2,CC(CC=O)CCc1ccccc1,integrated_gradients,13,0.20329670329670327,0.7838373013905117,0.827637040402208,0.043799739011696315,True,-0.13736263736263735
2,CC(CO)C1CCCCCCCCCCC1,attention,16,0.46726190476190477,0.9131349745918723,0.9285880241323919,0.015453049540519626,True,
2,CC(CO)C1CCCCCCCCCCC1,integrated_gradients,16,-0.17037037037037037,0.8845141144359813,0.9285880241323919,0.044073909696410674,True,-0.5968834402710812
2,CC(=O)C1=NCCS1,attention,8,0.6666666666666669,0.9014074272579617,0.9193904495901531,0.0179830223321914,False,
2,CC(=O)C1=NCCS1,integrated_gradients,8,-0.09523809523809526,0.865648627281189,0.9193904495901531,0.05374182230896418,True,0.6666666666666669
2,CC(C=O)=Cc1ccccc1,attention,11,0.963302752293578,0.8561952114105225,0.880904653420051,0.024709442009528515,True,
2,CC(C=O)=Cc1ccccc1,integrated_gradients,11,0.30275229357798167,0.8443364848693212,0.880904653420051,0.03656816855072975,True,0.3853211009174312
2,CC1CC2C3CCC(C3)C2CC1=O,attention,13,0.8681318681318682,0.8333070959363665,0.8587491884827614,0.025442092546394846,True,
2,CC1CC2C3CCC(C3)C2CC1=O,integrated_gradients,13,0.5274725274725275,0.8184561261108944,0.8587491884827614,0.04029306237186703,True,0.6373626373626374
2,CSC(=O)c1ccccc1,attention,10,0.9509202453987731,0.8660074038939043,0.9104244153607975,0.04441701146689325,True,
2,CSC(=O)c1ccccc1,integrated_gradients,10,-0.5460122699386503,0.8550469116731123,0.9104244153607975,0.05537750368768524,True,0.20245398773006137
2,CCCCCCCCCC=Nc1ccccc1C(=O)OC,attention,21,0.751948051948052,0.8609844608740373,0.8668616368011997,0.005877175927162304,False,
2,CCCCCCCCCC=Nc1ccccc1C(=O)OC,integrated_gradients,21,-0.02077922077922078,0.7847864140163768,0.8668616368011997,0.08207522278482282,True,-0.04935064935064935
2,CCOC(C)OCCc1ccccc1,attention,14,0.6571428571428571,0.8953509966532389,0.8984764689207078,0.003125472267468843,False,
2,CCOC(C)OCCc1ccccc1,integrated_gradients,14,-0.5516483516483517,0.8143213113149007,0.8984764689207078,0.08415515760580705,True,-0.2
2,O=CCOc1ccccc1,attention,10,0.7055214723926381,0.8688639185645364,0.8786582125858826,0.00979429402134624,False,
2,O=CCOc1ccccc1,integrated_gradients,10,-0.11656441717791413,0.8076063394546509,0.8786582125858826,0.07105187313123174,True,0.23926380368098163
2,c1coc(Cn2cccc2)c1,attention,11,0.6880733944954128,0.8733498752117157,0.9115268771847088,0.03817700197299312,True,
2,c1coc(Cn2cccc2)c1,integrated_gradients,11,0.25688073394495414,0.8688040326038996,0.9115268771847088,0.042722844580809216,True,0.7889908256880733
2,CCOC(=O)CCCc1ccccc1,attention,14,0.8668872132406987,0.8057608803113302,0.8143612031141917,0.008600322802861493,False,
2,CCOC(=O)CCCc1ccccc1,integrated_gradients,14,-0.7318681318681319,0.7681611220041911,0.8143612031141917,0.046200081110000624,True,-0.02857142857142857
2,CC1OCCCCCCCCCCCOC1=O,attention,17,0.4999999999999999,0.8883187075455984,0.9123972692423397,0.024078561696741274,True,
2,CC1OCCCCCCCCCCCOC1=O,integrated_gradients,17,0.1936274509803922,0.8768231537606981,0.9123972692423397,0.03557411548164158,True,0.45700383643887427
2,CC(=O)CCc1ccccc1,attention,11,0.9357798165137615,0.8384137153625488,0.8430759718020757,0.004662256439526891,False,
2,CC(=O)CCc1ccccc1,integrated_gradients,11,0.0,0.8323073188463846,0.8430759718020757,0.010768652955691072,False,-0.07339449541284404
2,CC(NC(=O)C(N)CC(=O)O)C(=O)NC1C(C)(C)SC1(C)C,attention,22,0.8889541242260592,0.9534899307333905,0.9639043411482937,0.010414410414903208,True,
2,CC(NC(=O)C(N)CC(=O)O)C(=O)NC1C(C)(C)SC1(C)C,integrated_gradients,22,-0.02430751837196156,0.8713814538458119,0.9639043411482937,0.09252288730248182,True,0.285472018089316
2,C=CCCC(=O)c1ccccc1,attention,12,0.8098591549295773,0.8628391210849469,0.8777161724292316,0.014877051344284742,True,
2,C=CCCC(=O)c1ccccc1,integrated_gradients,12,-0.014084507042253518,0.8504438767066369,0.8777161724292316,0.027272295722594708,True,-0.14788732394366197
2,Cc1occ2c1SCC2,attention,9,0.4666666666666666,0.8605394899845124,0.9147866374254228,0.054247147440910415,True,
2,Cc1occ2c1SCC2,integrated_gradients,9,0.0,0.8296810507774353,0.9147866374254228,0.08510558664798751,True,0.6833333333333333
2,CC1=CC(O)CC(C)C2CC(=C(C)C)CC12,attention,16,0.8880706921944036,0.8320900832905489,0.8666743671192843,0.03458428382873535,True,
2,CC1=CC(O)CC(C)C2CC(=C(C)C)CC12,integrated_gradients,16,0.7908689248895433,0.8253499900593477,0.8666743671192843,0.04132437705993652,True,0.5846833578792341
2,CC(=O)OCc1ccc(C)cc1C,attention,13,0.9230769230769231,0.7997194954327175,0.7978424808808735,-0.0018770145518439696,False,
2,CC(=O)OCc1ccc(C)cc1C,integrated_gradients,13,-0.2582417582417582,0.6872424696172986,0.7978424808808735,0.11060001126357488,True,-0.15934065934065936
2,C=C1CC2CCC1C2(C)C,attention,10,0.9146341463414634,0.8388719179413535,0.8695329129695892,0.030660995028235716,True,
2,C=C1CC2CCC1C2(C)C,integrated_gradients,10,0.8902439024390244,0.8210594220594927,0.8695329129695892,0.04847349091009656,True,0.7317073170731708
2,CC(CC=O)c1ccccc1,attention,11,0.9541284403669725,0.8197062810262045,0.8334555111825466,0.013749230156342107,True,
2,CC(CC=O)c1ccccc1,integrated_gradients,11,0.963302752293578,0.7999451210101446,0.8334555111825466,0.03351039017240198,True,0.4495412844036698
2,c1coc(CCc2ccco2)c1,attention,12,0.6502646246229886,0.8643283156248239,0.9011927577165458,0.036864442091721905,True,
2,c1coc(CCc2ccco2)c1,integrated_gradients,12,-0.2377622377622378,0.8586877355208764,0.9011927577165458,0.04250502219566943,True,0.416813248661316
2,CC(C)(Cc1ccccc1)OC=O,attention,13,0.8836565096952909,0.7648961586611611,0.7968192700828824,0.03192311142172133,True,
2,CC(C)(Cc1ccccc1)OC=O,integrated_gradients,13,-0.5290858725761773,0.728770626442773,0.7968192700828824,0.06804864364010943,True,-0.4293628808864266
2,CC(CC#N)CCc1ccccc1,attention,13,0.9491068125942583,0.8913374543190002,0.8923182489616531,0.0009807946426528824,False,
2,CC(CC#N)CCc1ccccc1,integrated_gradients,13,0.09890109890109891,0.8547594376972744,0.8923182489616531,0.037558811264378766,True,-0.07692307692307691
2,CC1CCC2C(C)(C)C3CC12CCC3(C)O,attention,16,0.9057437407952872,0.847757900462431,0.9024482411496779,0.054690340687246874,True,
2,CC1CCC2C(C)(C)C3CC12CCC3(C)O,integrated_gradients,16,0.926362297496318,0.8302311511600718,0.9024482411496779,0.07221708998960608,True,0.8703976435935199
2,Cc1ccc(C=O)c(O)c1,attention,10,0.7939393939393938,0.8685967001048002,0.8700960630720311,0.001499362967230966,False,
2,Cc1ccc(C=O)c(O)c1,integrated_gradients,10,-0.33333333333333326,0.8403676694089716,0.8700960630720311,0.02972839366305957,True,0.13939393939393938
2,COCOC1CCCCCCCCCCC1,attention,16,0.19940476190476192,0.9383574724197388,0.9440532261834427,0.0056957537637039035,False,
2,COCOC1CCCCCCCCCCC1,integrated_gradients,16,0.2148148148148148,0.9099260884172776,0.9440532261834427,0.03412713776616505,True,-0.2553829644940944
2,COc1cc(C=O)ccc1OC(=O)C(C)C,attention,16,0.9528718703976436,0.8756047872936025,0.8639868960661048,-0.011617891227497679,False,
2,COc1cc(C=O)ccc1OC(=O)C(C)C,integrated_gradients,16,-0.34315169366715753,0.7462243893567253,0.8639868960661048,0.11776250670937949,True,-0.187039764359352
2,COCc1ccc(O)cc1,attention,10,0.5337423312883436,0.8531828143379905,0.8516229233958503,-0.001559890942140152,False,
2,COCc1ccc(O)cc1,integrated_gradients,10,-0.47239263803680986,0.760884778066115,0.8516229233958503,0.09073814532973534,True,-0.06748466257668713
2,CCCCCC(=O)OCC=Cc1ccccc1,attention,17,0.6486486486486486,0.8007936345206367,0.8061114519834518,0.005317817462815122,False,
2,CCCCCC(=O)OCC=Cc1ccccc1,integrated_gradients,17,-0.6314496314496313,0.7463940746254392,0.8061114519834518,0.059717377358012635,True,-0.17936117936117935
2,CC(=O)OC1C=C(C)C2CC1C2(C)C,attention,14,0.9867841409691631,0.7798492113749186,0.8284348130226136,0.04858560164769499,True,
2,CC(=O)OC1C=C(C)C2CC1C2(C)C,integrated_gradients,14,0.7753303964757711,0.7432767669359843,0.8284348130226136,0.08515804608662925,True,0.6299559471365639
2,CCCCCOC(=O)c1ccccc1,attention,14,0.7802197802197802,0.774509874979655,0.7960583627223969,0.021548487742741984,False,
2,CCCCCOC(=O)c1ccccc1,integrated_gradients,14,-0.6439560439560439,0.6949049949645996,0.7960583627223969,0.10115336775779737,True,-0.1032967032967033
2,CC1=CC(=O)CO1,attention,7,0.7500000000000002,0.8436976745724678,0.8697552315890789,0.026057557016611055,True,
2,CC1=CC(=O)CO1,integrated_gradients,7,0.03571428571428572,0.8006640300154686,0.8697552315890789,0.06909120157361026,True,0.642857142857143
2,CCC(C)C(=O)N(C)c1ccccc1,attention,14,0.9384615384615385,0.9162622650464376,0.9274522014458974,0.011189936399459754,False,
2,CCC(C)C(=O)N(C)c1ccccc1,integrated_gradients,14,0.5340659340659341,0.9183890501658122,0.9274522014458974,0.009063151280085169,False,0.35824175824175825
2,CCCc1ccc(O)c(OC)c1,attention,12,0.7692307692307694,0.8042054451428927,0.7875662672978181,-0.016639177845074626,False,
2,CCCc1ccc(O)c(OC)c1,integrated_gradients,12,-0.5944055944055945,0.7165027810977056,0.7875662672978181,0.07106348620011249,True,0.027972027972027972
2,COc1ccc(C=C(C)C=O)cc1,attention,13,0.9505494505494506,0.8430065810680389,0.8566973413739885,0.013690760305949512,False,
2,COc1ccc(C=C(C)C=O)cc1,integrated_gradients,13,0.14835164835164835,0.8039193664278302,0.8566973413739885,0.05277797494615821,True,0.25274725274725274
2,CCOC(=O)CC1C=CCC1,attention,11,0.9272727272727275,0.8103474676609039,0.808671213189761,-0.0016762544711429461,False,
2,CCOC(=O)CC1C=CCC1,integrated_gradients,11,-0.15454545454545454,0.7619447261095047,0.808671213189761,0.046726487080256285,True,0.3181818181818182
2,CC1(C)C2CC=C(CO)C1C2,attention,11,0.9634703196347033,0.8070562928915024,0.8402194149792195,0.0331631220877171,True,
2,CC1(C)C2CC=C(CO)C1C2,integrated_gradients,11,0.9452054794520549,0.783167357246081,0.8402194149792195,0.057052057733138484,True,0.6894977168949772
2,CC(O)Cc1ccccc1,attention,10,0.9631901840490799,0.8904786760156805,0.8906847994435916,0.00020612342791104243,False,
2,CC(O)Cc1ccccc1,integrated_gradients,10,0.9018404907975461,0.8721897981383584,0.8906847994435916,0.018495001305233183,True,0.3006134969325153
2,CCOC(=O)OC1=C(C)OC(C)C1=O,attention,14,0.9428571428571428,0.9016165415445964,0.9078673911094665,0.006250849564870098,False,
2,CCOC(=O)OC1=C(C)OC(C)C1=O,integrated_gradients,14,0.44175824175824174,0.8474760174751281,0.9078673911094665,0.06039137363433833,True,0.1076923076923077
2,COc1ccccc1C(=O)O,attention,11,0.9,0.8867102613051733,0.8999493278563021,0.01323906655112883,False,
2,COc1ccccc1C(=O)O,integrated_gradients,11,-0.7181818181818183,0.8146171768506368,0.8999493278563021,0.08533215100566527,True,0.009090909090909092
2,C=C1CCC2C1C1C(C(C)C)CCC21C,attention,15,0.9713774597495527,0.8558384850621223,0.8969049990177155,0.04106651395559313,True,
2,C=C1CCC2C1C1C(C(C)C)CCC21C,integrated_gradients,15,0.7924865831842576,0.8360277339816093,0.8969049990177155,0.06087726503610613,True,0.6386404293381037
2,CC=Cc1ccc(OCC)c(OC)c1,attention,14,0.9032967032967033,0.8180511236190796,0.8114522816737493,-0.006598841945330336,False,
2,CC=Cc1ccc(OCC)c(OC)c1,integrated_gradients,14,-0.621978021978022,0.6667556444803874,0.8114522816737493,0.1446966371933619,True,-0.24395604395604395
2,CCC(C)C(=O)OCc1ccccc1,attention,14,0.8637362637362638,0.8146307786305745,0.782804571390152,-0.03182620724042251,False,
2,CCC(C)C(=O)OCc1ccccc1,integrated_gradients,14,-0.6879120879120879,0.6940959056218465,0.782804571390152,0.0887086657683055,True,-0.4461538461538462
2,CC(=O)c1cc2c(cc1C)C(C)(C)C(C)CC2(C)C,attention,19,0.9192273924495171,0.8759502679109573,0.9316766473650933,0.055726379454135944,True,
2,CC(=O)c1cc2c(cc1C)C(C)(C)C(C)CC2(C)C,integrated_gradients,19,0.6892010535557506,0.8749515473842621,0.9316766473650933,0.056725099980831195,True,0.8419666374012291
2,CCCCCC1OC(=O)C(C)=C1C,attention,13,0.8736263736263737,0.7825177524771009,0.8185304552316666,0.036012702754565695,True,
2,CCCCCC1OC(=O)C(C)=C1C,integrated_gradients,13,0.4175824175824176,0.7769994820867266,0.8185304552316666,0.04153097314493992,True,0.5439560439560439
2,Cc1ccc2c(c1)OC(=O)C2C,attention,12,0.9230769230769231,0.8332609442564157,0.858804619541535,0.02554367528511925,True,
2,Cc1ccc2c(c1)OC(=O)C2C,integrated_gradients,12,0.2937062937062937,0.7959617880674509,0.858804619541535,0.0628428314740841,True,0.6573426573426573
2,COC(=O)c1ccccc1OC,attention,12,0.9230769230769231,0.8094912584011371,0.858550356213863,0.04905909781272588,True,
2,COC(=O)c1ccccc1OC,integrated_gradients,12,0.0,0.7712219403340266,0.858550356213863,0.08732841587983642,True,0.5734265734265735
2,CC(C)Oc1cc(C=O)ccc1O,attention,13,0.8457300275482094,0.8702657903943744,0.8545846613390105,-0.015681129055363896,False,
2,CC(C)Oc1cc(C=O)ccc1O,integrated_gradients,13,-0.5482093663911847,0.7578251319272178,0.8545846613390105,0.09675952941179267,True,0.18457300275482094
2,COC(=O)c1ccccc1NC=O,attention,13,0.8956043956043955,0.9131684303283691,0.9231446715337889,0.009976241205419734,True,
2,COC(=O)c1ccccc1NC=O,integrated_gradients,13,0.3736263736263736,0.9014251955917904,0.9231446715337889,0.021719475941998523,True,0.6263736263736264
2,C=CCc1ccc(OCC)c(OC)c1,attention,14,0.8989010989010989,0.8266933759053549,0.820958366394043,-0.005735009511311895,False,
2,C=CCc1ccc(OCC)c(OC)c1,integrated_gradients,14,-0.6307692307692307,0.689177680015564,0.820958366394043,0.13178068637847895,True,-0.3406593406593406
2,CC(C#N)=Cc1ccccc1,attention,11,0.908256880733945,0.9455219755570093,0.9506783857941628,0.005156410237153408,False,
2,CC(C#N)=Cc1ccccc1,integrated_gradients,11,0.18348623853211007,0.9319748679796854,0.9506783857941628,0.018703517814477322,True,0.22018348623853212
2,OCC1COC(Cc2ccccc2)O1,attention,14,0.6644668487276422,0.8896379033724467,0.8946686579783757,0.005030754605928944,False,
2,OCC1COC(Cc2ccccc2)O1,integrated_gradients,14,0.3406593406593406,0.8311831672986348,0.8946686579783757,0.06348549067974085,True,0.1956043956043956
2,Cc1ccc(CC(C)C=O)cc1,attention,12,0.9718309859154928,0.8511341305879446,0.8645484548348646,0.013414324246920017,False,
2,Cc1ccc(CC(C)C=O)cc1,integrated_gradients,12,0.7183098591549296,0.8147216347547678,0.8645484548348646,0.04982682008009687,True,0.3169014084507042
2,C=C(C)C1CC(=O)C2(C)OC2C1,attention,12,0.8041958041958043,0.7976356882315415,0.8303681334623925,0.03273244523085095,True,
2,C=C(C)C1CC(=O)C2(C)OC2C1,integrated_gradients,12,0.7972027972027973,0.7748096631123469,0.8303681334623925,0.055558470350045575,True,0.4055944055944056
2,CC(CC(C)(C)C#N)c1ccccc1,attention,14,0.9647577092511014,0.8870011448860169,0.9151051793495814,0.028104034463564465,True,
2,CC(CC(C)(C)C#N)c1ccccc1,integrated_gradients,14,0.29074889867841414,0.8768534819285075,0.9151051793495814,0.038251697421073816,True,0.7753303964757711
2,CCCCCOC(=O)Cc1ccccc1,attention,15,0.825,0.7984372675418854,0.8133173266425728,0.01488005910068746,False,
2,CCCCCOC(=O)Cc1ccccc1,integrated_gradients,15,-0.6928571428571427,0.7211902253329754,0.8133173266425728,0.09212710130959745,True,-0.010714285714285713
2,OCC1CCC2C3CCC(C3)C12,attention,12,0.7342657342657343,0.8747859184558575,0.9012391521380501,0.026453233682192545,True,
2,OCC1CCC2C3CCC(C3)C12,integrated_gradients,12,0.8391608391608393,0.8640044927597046,0.9012391521380501,0.03723465937834547,True,0.8391608391608393
2,CNc1ccccc1C(=O)OCC(C)C,attention,15,0.889087656529517,0.8844162300229073,0.8771712834015488,-0.007244946621358439,False,
2,CNc1ccccc1C(=O)OCC(C)C,integrated_gradients,15,-0.09123434704830054,0.7871061451733112,0.8771712834015488,0.09006513822823758,True,0.08765652951699464
2,OC1CCCC1,attention,6,-0.0909090909090909,0.865982208933149,0.8863495950187955,0.020367386085646477,True,
2,OC1CCCC1,integrated_gradients,6,0.39393939393939387,0.865982208933149,0.8863495950187955,0.020367386085646477,True,0.9999999999999999
2,C1CCSC1,attention,5,0.6666666666666666,0.8550846378008524,0.9230757807691893,0.06799114296833686,True,
2,C1CCSC1,integrated_gradients,5,-0.1111111111111111,0.8550846378008524,0.9230757807691893,0.06799114296833686,True,1.0
2,CC(=O)C1CC2=C(C)CC1C(C(C)C)C2,attention,15,0.8568872987477639,0.8302481658756733,0.8565725211054087,0.02632435522973542,True,
2,CC(=O)C1CC2=C(C)CC1C(C(C)C)C2,integrated_gradients,15,0.699463327370304,0.8115513920783997,0.8565725211054087,0.045021129027009055,True,0.42754919499105537
2,Nc1ccccc1C(=O)OCc1ccccc1,attention,17,0.8525798525798524,0.9006653759214613,0.9157923072576523,0.015126931336190919,False,
2,Nc1ccccc1C(=O)OCc1ccccc1,integrated_gradients,17,-0.22850122850122848,0.8554713825384775,0.9157923072576523,0.06032092471917472,True,-0.09336609336609336
2,CCCCCOC(=O)c1ccccc1O,attention,15,0.7928571428571427,0.810634434223175,0.8045888248831033,-0.0060456093400717,False,
2,CCCCCOC(=O)c1ccccc1O,integrated_gradients,15,-0.5178571428571428,0.6813421174883842,0.8045888248831033,0.1232467073947191,True,-0.21071428571428572
2,CC(C)C1=CCC(CCOC=O)=CC1,attention,14,0.9383259911894275,0.8037922461827596,0.8143867435057958,0.01059449732303619,False,
2,CC(C)C1=CCC(CCOC=O)=CC1,integrated_gradients,14,0.2422907488986784,0.7616773645083109,0.8143867435057958,0.052709378997484846,True,-0.1629955947136564
2,COc1ccc(O)cc1,attention,9,0.6166666666666666,0.8546149969100952,0.8708204841613769,0.01620548725128168,False,
2,COc1ccc(O)cc1,integrated_gradients,9,-0.25,0.7772952616214752,0.8708204841613769,0.0935252225399017,True,0.16666666666666669
2,COc1ccccc1C(C)=O,attention,11,0.9272727272727275,0.8077912380297979,0.8461331573625406,0.03834191933274267,True,
2,COc1ccccc1C(C)=O,integrated_gradients,11,0.11818181818181818,0.7757681657870611,0.8461331573625406,0.07036499157547949,True,0.5818181818181819
2,CC1=CCC(CCC(C)CO)C1(C)C,attention,14,0.9295154185022027,0.8065780401229858,0.8541292307774226,0.047551190654436803,True,
2,CC1=CCC(CCC(C)CO)C1(C)C,integrated_gradients,14,0.7841409691629957,0.7863107005755107,0.8541292307774226,0.06781853020191198,True,0.762114537444934
2,O=C(O)c1ccccc1,attention,9,0.9,0.9282972693443299,0.9018170234560967,-0.026480245888233167,False,
2,O=C(O)c1ccccc1,integrated_gradients,9,-0.48333333333333334,0.8696577370166778,0.9018170234560967,0.0321592864394189,True,-0.5
2,CCCCCCC(=O)OCc1ccccc1,attention,16,0.663716814159292,0.8022651356809279,0.8042801273219726,0.0020149916410446833,False,
2,CCCCCCC(=O)OCc1ccccc1,integrated_gradients,16,-0.6519174041297934,0.7106361248913933,0.8042801273219726,0.09364400243057935,True,-0.18289085545722708
2,CC(=O)OCC1CCC2CC1C2(C)C,attention,14,0.9647577092511014,0.7708861430486044,0.8295326135555904,0.058646470506986015,True,
2,CC(=O)OCC1CCC2CC1C2(C)C,integrated_gradients,14,0.8105726872246697,0.750399378935496,0.8295326135555904,0.07913323462009436,True,0.6035242290748899
2,CC(=O)Oc1cccc(C)c1,attention,11,0.9454545454545454,0.8180184016625086,0.8159231419364611,-0.002095259726047516,False,
2,CC(=O)Oc1cccc(C)c1,integrated_gradients,11,-0.11818181818181818,0.722834532459577,0.8159231419364611,0.09308860947688413,True,0.08181818181818183
2,CC(=O)OCc1ccccc1C,attention,12,0.9090909090909092,0.8105214054767902,0.7953225310032184,-0.015198874473571822,False,
2,CC(=O)OCc1ccccc1C,integrated_gradients,12,-0.08391608391608392,0.6578014126190772,0.7953225310032184,0.13752111838414116,True,-0.04195804195804196
2,CC(=O)C=CC1=C(C)C(=O)CCC1(C)C,attention,15,0.7960644007155635,0.8187046870589256,0.8633419774472714,0.04463729038834574,True,
2,CC(=O)C=CC1=C(C)C(=O)CCC1(C)C,integrated_gradients,15,0.259391771019678,0.8125086538493633,0.8633419774472714,0.05083332359790804,True,0.7101967799642218
2,CC1C(=O)CC2CC1C2(C)C,attention,11,0.9360730593607306,0.7829081763823827,0.8469687936206659,0.06406061723828316,True,
2,CC1C(=O)CC2CC1C2(C)C,integrated_gradients,11,0.726027397260274,0.7706172466278076,0.8469687936206659,0.07635154699285829,True,0.771689497716895
2,C=C(C)c1cccc(C(C)CC=O)c1,attention,14,0.9384615384615385,0.836743160088857,0.8577283064524333,0.02098514636357629,True,
2,C=C(C)c1cccc(C(C)CC=O)c1,integrated_gradients,14,0.4945054945054946,0.8009734590848286,0.8577283064524333,0.05675484736760461,True,0.4065934065934066
2,CCCC(=O)Oc1ccc(C)cc1,attention,13,0.7527472527472527,0.7586804713521685,0.7806110592825071,0.02193058793033853,False,
2,CCCC(=O)Oc1ccc(C)cc1,integrated_gradients,13,-0.6098901098901099,0.6676146600927625,0.7806110592825071,0.11299639918974458,True,0.14835164835164835
2,COCCOC(C)OCc1ccccc1,attention,15,0.5987491220175526,0.8664693869650364,0.914446659758687,0.047977272793650605,True,
2,COCCOC(C)OCc1ccccc1,integrated_gradients,15,-0.4107142857142856,0.8658267930150032,0.914446659758687,0.04861986674368379,True,-0.03753352705184659
2,CC(C)CCOC(Cc1ccccc1)OCCC(C)C,attention,20,0.8743870859737717,0.9145471822647822,0.9108572854882194,-0.003689896776562729,False,
2,CC(C)CCOC(Cc1ccccc1)OCCC(C)C,integrated_gradients,20,-0.3031674208144796,0.8610056468418666,0.9108572854882194,0.04985163864635278,True,-0.0904977375565611
2,CC1(C)C(=O)C2CCC1C2,attention,10,0.9146341463414634,0.7619088292121887,0.8406488093462856,0.07873998013409689,True,
2,CC1(C)C(=O)C2CCC1C2,integrated_gradients,10,0.8048780487804879,0.7600694515488364,0.8406488093462856,0.08057935779744918,True,0.7804878048780488
2,COc1cc(C(C)=O)ccc1O,attention,12,0.7482517482517484,0.8591093466832087,0.8788252261968761,0.019715879513667378,False,
2,COc1cc(C(C)=O)ccc1O,integrated_gradients,12,-0.20979020979020982,0.7941077397419856,0.8788252261968761,0.08471748645489052,True,0.37762237762237766
2,CC(C)C(=O)OCCc1ccccc1,attention,14,0.8986784140969164,0.7662316401799519,0.7880545256535213,0.021822885473569364,False,
2,CC(C)C(=O)OCCc1ccccc1,integrated_gradients,14,-0.6079295154185023,0.7036067446072897,0.7880545256535213,0.08444778104623163,True,-0.12775330396475773
2,Cc1ncc2c(n1)COC2,attention,10,0.6121212121212121,0.8773946328596636,0.9273418567397378,0.04994722388007422,True,
2,Cc1ncc2c(n1)COC2,integrated_gradients,10,0.33333333333333326,0.8300734866749157,0.9273418567397378,0.09726837006482214,True,0.7575757575757575
2,C=CCc1ccc(OC)cc1,attention,11,0.908256880733945,0.8578524341185888,0.8666283816099165,0.008775947491327707,False,
2,C=CCc1ccc(OC)cc1,integrated_gradients,11,-0.3302752293577982,0.8016573737064997,0.8666283816099165,0.06497100790341681,True,0.0
2,CC1(C)C2CC=C(COC=O)C1C2,attention,13,0.9504132231404959,0.7590756288596562,0.8123715262327875,0.05329589737313134,True,
2,CC1(C)C2CC=C(COC=O)C1C2,integrated_gradients,13,0.4765840220385675,0.7113160789012909,0.8123715262327875,0.10105544733149663,True,0.4269972451790634
2,Cc1ccc(O)c(C(C)(C)C)c1,attention,12,0.9432624113475179,0.8595736806209271,0.9038307978556706,0.04425711723474346,True,
2,Cc1ccc(O)c(C(C)(C)C)c1,integrated_gradients,12,0.624113475177305,0.8393119069246145,0.9038307978556706,0.064518890931056,True,0.49645390070921996
2,CC(=O)OC(C)(C)c1ccccc1,attention,13,0.9434491733171197,0.787363086427961,0.7983876098479544,0.011024523419993382,False,
2,CC(=O)OC(C)(C)c1ccccc1,integrated_gradients,13,-0.03581267217630854,0.7079195976257324,0.7983876098479544,0.090468012222222,True,-0.4820936639118457
2,CC(=O)n1ccc2ccccc21,attention,12,0.9160839160839163,0.9001054396996131,0.9263519759361559,0.026246536236542828,True,
2,CC(=O)n1ccc2ccccc21,integrated_gradients,12,0.49650349650349657,0.8998012634424063,0.9263519759361559,0.02655071249374963,True,0.5944055944055945
2,COCC(C)Cc1ccccc1,attention,12,0.992957746478873,0.8135567307472229,0.8507546736643864,0.037197942917163496,True,
2,COCC(C)Cc1ccccc1,integrated_gradients,12,-0.028169014084507036,0.7937889649317815,0.8507546736643864,0.05696570873260487,True,0.07746478873239436
2,CC1=CCC(C(C)C)=CC1,attention,10,0.9390243902439026,0.8392494429241527,0.8547283085909758,0.015478865666823105,True,
2,CC1=CCC(C(C)C)=CC1,integrated_gradients,10,0.8048780487804879,0.8357541940428994,0.8547283085909758,0.018974114548076404,True,0.4878048780487806
2,O=C(O)C(=O)Cc1ccccc1,attention,12,0.9295774647887322,0.9146275474474981,0.9172769906429142,0.002649443195416157,False,
2,O=C(O)C(=O)Cc1ccccc1,integrated_gradients,12,-0.17605633802816903,0.8682632950636057,0.9172769906429142,0.04901369557930857,True,-0.07042253521126761
2,CC(C)c1ccc(C#N)cc1,attention,11,0.8986175115207372,0.9140447626511256,0.9217004229625065,0.007655660311380985,True,
2,CC(C)c1ccc(C#N)cc1,integrated_gradients,11,0.5668202764976958,0.8982427418231964,0.9217004229625065,0.023457681139310127,True,0.152073732718894
2,CCOC(=O)c1ccc(O)c(O)c1,attention,13,0.7967032967032966,0.8981621733733586,0.8886613143341883,-0.009500859039170306,False,
2,CCOC(=O)c1ccc(O)c(O)c1,integrated_gradients,13,-0.4230769230769231,0.7715713083744049,0.8886613143341883,0.11709000595978336,True,0.027472527472527472
2,CCCCC1(O)C(C)=CC(=O)CC1(C)C,attention,15,0.8640429338103757,0.7326002344489098,0.8547770319506526,0.12217679750174282,True,
2,CCCCC1(O)C(C)=CC(=O)CC1(C)C,integrated_gradients,15,0.5742397137745975,0.7914365269243717,0.8547770319506526,0.06334050502628086,True,0.6887298747763865
2,C=C(C)CCCC(C)CCOC(=O)c1ccccc1,attention,19,0.887719298245614,0.7607495337724686,0.7784040604531766,0.017654526680707994,False,
2,C=C(C)CCCC(C)CCOC(=O)c1ccccc1,integrated_gradients,19,-0.5894736842105263,0.6845335781574249,0.7784040604531766,0.09387048229575168,True,0.01754385964912281
2,CCCCCCCCCC(=O)OCCCc1ccccc1,attention,21,0.676193605004009,0.859356395222924,0.8692444526336409,0.009888057410716966,False,
2,CCCCCCCCCC(=O)OCCCc1ccccc1,integrated_gradients,21,0.3675324675324675,0.8323207768526945,0.8692444526336409,0.03692367578094646,True,-0.08898993648948053
2,Cc1occc1SSCc1ccco1,attention,14,0.5164835164835165,0.8923980037371317,0.9314981373151141,0.039100133577982366,True,
2,Cc1occc1SSCc1ccco1,integrated_gradients,14,-0.5208791208791209,0.8347802281379699,0.9314981373151141,0.09671790917714418,True,0.2967032967032967
2,CC1CCOC(c2ccccc2)C1,attention,13,0.7900552486187845,0.8581603808062417,0.8770907655358314,0.018930384729589744,True,
2,CC1CCOC(c2ccccc2)C1,integrated_gradients,13,0.5469613259668509,0.8296586402824947,0.8770907655358314,0.04743212525333673,True,0.2983425414364641
2,CCCCCCCC(C=O)=Cc1ccccc1,attention,17,0.8304668304668303,0.8569099009037018,0.853408578203784,-0.003501322699917764,False,
2,CCCCCCCC(C=O)=Cc1ccccc1,integrated_gradients,17,-0.20638820638820637,0.7822664876778921,0.853408578203784,0.07114209052589193,True,-0.285012285012285
2,CCCCCC(=O)OCc1ccccc1,attention,15,0.6797853309481217,0.7901024334132671,0.7761924408376217,-0.013909992575645402,False,
2,CCCCCC(=O)OCc1ccccc1,integrated_gradients,15,-0.557142857142857,0.7014353089034557,0.7761924408376217,0.074757131934166,True,-0.11617520277952513
2,CC(=O)OC1CCCC1,attention,9,0.6666666666666667,0.7721534848213196,0.7932351651787758,0.021081680357456167,False,
2,CC(=O)OC1CCCC1,integrated_gradients,9,0.016666666666666666,0.7281812608242035,0.7932351651787758,0.06505390435457226,True,0.33333333333333337
2,CCCC1CCOC(C)S1,attention,10,0.5030303030303029,0.8622392090884122,0.9108513360673729,0.04861212697896067,True,
2,CCCC1CCOC(C)S1,integrated_gradients,10,-0.34545454545454546,0.7761879509145563,0.9108513360673729,0.13466338515281662,True,0.2606060606060606
2,C=C(OCC)C1C(C)(C)CC(=O)CC1(C)C,attention,16,0.952539029971514,0.7914734097088084,0.841615364656729,0.05014195494792062,True,
2,C=C(OCC)C1C(C)(C)CC(=O)CC1(C)C,integrated_gradients,16,0.2802359882005899,0.8011473241974326,0.841615364656729,0.04046804045929642,True,0.8525073746312684
2,Cc1ccc2ccc(=O)oc2c1,attention,12,0.8671328671328673,0.8793176687680758,0.9079288750886917,0.028611206320615867,True,
2,Cc1ccc2ccc(=O)oc2c1,integrated_gradients,12,0.7202797202797203,0.8887920287939218,0.9079288750886917,0.01913684629476986,True,0.7902097902097903
2,CC(C)CCOC(=O)Cc1ccccc1,attention,15,0.9355992844364937,0.7962894402444363,0.8230164980515837,0.02672705780714746,False,
2,CC(C)CCOC(=O)Cc1ccccc1,integrated_gradients,15,-0.184257602862254,0.7227858006954193,0.8230164980515837,0.10023069735616441,True,-0.023255813953488372
2,c1ccc(Cc2ccccc2)cc1,attention,13,0.9322277243353346,0.9400195479393005,0.9420719110539981,0.0020523631146975863,False,
2,c1ccc(Cc2ccccc2)cc1,integrated_gradients,13,-0.4475138121546962,0.9223343091351646,0.9420719110539981,0.01973760191883356,True,0.2849242006128767
2,CC1=CC(=O)CC(C)(C)C1,attention,10,0.8048780487804879,0.750308399850672,0.8074026587334545,0.05709425888278252,True,
2,CC1=CC(=O)CC(C)(C)C1,integrated_gradients,10,0.8170731707317074,0.7318024635314941,0.8074026587334545,0.07560019520196037,True,0.7073170731707318
2,Cc1ccccc1S,attention,8,0.5952380952380953,0.9042476879225837,0.9111531969573763,0.00690550903479259,False,
2,Cc1ccccc1S,integrated_gradients,8,-0.5952380952380953,0.8663651545842489,0.9111531969573763,0.04478804237312739,True,0.0
2,CCOc1cc(C=O)ccc1OC(C)=O,attention,15,0.914285714285714,0.8717342913150787,0.8418455852195621,-0.029888706095516637,False,
2,CCOc1cc(C=O)ccc1OC(C)=O,integrated_gradients,15,-0.2642857142857143,0.7384624369442463,0.8418455852195621,0.1033831482753158,True,-0.24285714285714283
2,COCc1ccc(OC)cc1,attention,11,0.7706422018348624,0.813844308257103,0.8429354764521122,0.02909116819500923,False,
2,COCc1ccc(OC)cc1,integrated_gradients,11,-0.11009174311926606,0.769628162185351,0.8429354764521122,0.07330731426676118,True,-0.03669724770642202
2,CC(=O)OC(C)C1CC=C(C)C1(C)C,attention,14,0.9515418502202644,0.7761797944704691,0.8116076519091925,0.03542785743872334,True,
2,CC(=O)OC(C)C1CC=C(C)C1(C)C,integrated_gradients,14,0.26872246696035246,0.768166450659434,0.8116076519091925,0.043441201249758477,True,0.4405286343612335
2,CC1(C)CCCC2C(=O)C3CCC21C3,attention,14,0.801762114537445,0.8102398753166199,0.8688706262906394,0.058630750974019485,True,
2,CC1(C)CCCC2C(=O)C3CCC21C3,integrated_gradients,14,0.7929515418502203,0.7956966360410055,0.8688706262906394,0.07317399024963389,True,0.7312775330396476
2,O=C1OC(C(O)CO)C(O)=C1O,attention,12,0.9160839160839163,0.9687549150907077,0.9577007461052676,-0.011054168985440094,False,
2,O=C1OC(C(O)CO)C(O)=C1O,integrated_gradients,12,-0.5944055944055945,0.8676137098899255,0.9577007461052676,0.09008703621534209,True,-0.6713286713286714
2,CSc1ccccc1,attention,8,0.6190476190476191,0.8884245951970419,0.9276664210690393,0.03924182587199743,True,
2,CSc1ccccc1,integrated_gradients,8,-0.8571428571428572,0.8657922016249763,0.9276664210690393,0.06187421944406302,True,-0.04761904761904763
2,CC(O)C(=O)OCc1ccccc1,attention,13,0.9285714285714285,0.8962431762899671,0.8902606653315681,-0.005982510958398968,False,
2,CC(O)C(=O)OCc1ccccc1,integrated_gradients,13,0.18131868131868134,0.8421147337981633,0.8902606653315681,0.04814593153340485,True,-0.04395604395604395
2,CC1(CO)CC1CC1CC2CC2(C)C1(C)C,attention,16,0.9705449189985271,0.837167105254005,0.9038330628591427,0.06666595760513772,True,
2,CC1(CO)CC1CC1CC2CC2(C)C1(C)C,integrated_gradients,16,0.9086892488954343,0.8219077376758351,0.9038330628591427,0.08192532518330753,True,0.9410898379970545
2,CC(C)(c1ccc(O)cc1)c1ccc(O)cc1,attention,17,0.6363636363636364,0.9233487910694547,0.9274357799026701,0.004086988833215455,False,
2,CC(C)(c1ccc(O)cc1)c1ccc(O)cc1,integrated_gradients,17,0.6893939393939394,0.8561975922849443,0.9274357799026701,0.07123818761772582,True,-0.04292929292929293
2,CCCOC(=O)c1ccccc1,attention,12,0.8732394366197181,0.8093549930132352,0.8004542992665218,-0.008900693746713428,False,
2,CCCOC(=O)c1ccccc1,integrated_gradients,12,-0.2535211267605633,0.694443615583273,0.8004542992665218,0.10601068368324873,True,0.028169014084507036
2,CC1CCC(C(C)C)CC1=O,attention,11,0.7351598173515982,0.7765070647001266,0.8191928828756015,0.0426858181754749,True,
2,CC1CCC(C(C)C)CC1=O,integrated_gradients,11,0.7077625570776256,0.7348940819501877,0.8191928828756015,0.08429880092541386,True,0.5159817351598174
2,CCCCCCCC1CC=CC(=O)O1,attention,14,0.5472527472527472,0.806472392876943,0.836716110308965,0.030243717432022033,True,
2,CCCCCCCC1CC=CC(=O)O1,integrated_gradients,14,0.17362637362637365,0.771094556649526,0.836716110308965,0.065621553659439,True,0.5912087912087912
2,CC1OCC2(CC=CCC2C)CO1,attention,13,0.9175824175824175,0.827919466154916,0.8481342211365701,0.02021475498165415,True,
2,CC1OCC2(CC=CCC2C)CO1,integrated_gradients,13,0.6098901098901099,0.8104589070592608,0.8481342211365701,0.037675314077309285,True,0.3626373626373627
2,CC=Cc1ccc(OC=O)c(OC)c1,attention,14,0.8945054945054945,0.8725963672002156,0.8768212205171585,0.004224853316942889,False,
2,CC=Cc1ccc(OC=O)c(OC)c1,integrated_gradients,14,-0.2175824175824176,0.7786232233047485,0.8768212205171585,0.09819799721240996,True,0.13406593406593406
2,CCCC=CCOC(=O)Cc1ccccc1,attention,16,0.8820058997050148,0.8313618547776166,0.8108686629463644,-0.0204931918312522,False,
2,CCCC=CCOC(=O)Cc1ccccc1,integrated_gradients,16,-0.3185840707964601,0.748518705368042,0.8108686629463644,0.0623499575783224,True,-0.1415929203539823
2,CC1=C(O)C(=O)C(C(C)C)CC1,attention,12,0.6912280701754386,0.8652315002221328,0.8801913405840214,0.014959840361888577,False,
2,CC1=C(O)C(=O)C(C(C)C)CC1,integrated_gradients,12,-0.1929824561403509,0.8073986356074994,0.8801913405840214,0.07279270497652202,True,0.4456140350877193
2,CCCc1ccc(O)cc1,attention,10,0.47239263803680986,0.8571281649849631,0.8391922763802789,-0.017935888604684203,False,
2,CCCc1ccc(O)cc1,integrated_gradients,10,0.14110429447852763,0.8146072409369729,0.8391922763802789,0.024585035443306036,True,-0.5950920245398773
2,CC(=O)c1ccc(C)cc1,attention,10,0.8650306748466259,0.841951462355527,0.8756532552567394,0.033701792901212446,True,
2,CC(=O)c1ccc(C)cc1,integrated_gradients,10,0.6196319018404908,0.839636049487374,0.8756532552567394,0.0360172057693654,True,0.7791411042944786
2,CC(=O)OC(C)CCc1ccccc1,attention,14,0.8681318681318682,0.7925439635912578,0.7997744880119959,0.007230524420738127,False,
2,CC(=O)OC(C)CCc1ccccc1,integrated_gradients,14,-0.27472527472527475,0.7384475549062093,0.7997744880119959,0.06132693310578663,True,-0.054945054945054944
2,CCc1ccc(C=O)cc1,attention,10,0.9877300613496933,0.836441159248352,0.8530085905031723,0.016567431254820297,False,
2,CCc1ccc(C=O)cc1,integrated_gradients,10,0.49693251533742344,0.788278503851457,0.8530085905031723,0.06473008665171531,True,0.14110429447852763
2,Sc1ccccc1,attention,7,0.30631873731649006,0.9118428379297256,0.9302077058702707,0.018364867940545038,False,
2,Sc1ccccc1,integrated_gradients,7,-0.8928571428571429,0.878420352935791,0.9302077058702707,0.05178735293447967,True,0.642857142857143
2,OCCCCCc1ccccc1,attention,12,0.5985915492957745,0.8760293080256536,0.8572820881238352,-0.01874721990181838,False,
2,OCCCCCc1ccccc1,integrated_gradients,12,0.34507042253521125,0.8357518315315247,0.8572820881238352,0.02153025659231056,True,-0.5140845070422535
2,Cc1ccc2c(c1)C(C(C)C)CCC2C,attention,15,0.9749552772808585,0.8849749714136124,0.9174273762851953,0.03245240487158296,True,
2,Cc1ccc2c(c1)C(C(C)C)CCC2C,integrated_gradients,15,0.5062611806797853,0.8809655606746674,0.9174273762851953,0.03646181561052797,True,0.5992844364937387
2,COC(=O)Cc1ccc(C(C)(C)C)cc1,attention,15,0.9740379910531335,0.7065593041479588,0.7717570231296123,0.0651977189816535,True,
2,COC(=O)Cc1ccc(C(C)(C)C)cc1,integrated_gradients,15,0.11627906976744184,0.681338720023632,0.7717570231296123,0.0904183031059802,True,0.023255813953488372
2,C=C1CCC2CC1C2(C)C,attention,10,0.9634146341463414,0.8326211625879462,0.8670492302287709,0.03442806764082473,True,
2,C=C1CCC2CC1C2(C)C,integrated_gradients,10,0.8170731707317074,0.8147462498057972,0.8670492302287709,0.052302980422973655,True,0.7804878048780488
2,CC(=CC=O)CCC1CC1(C)C,attention,12,0.9438596491228072,0.735121855368981,0.7835052233475904,0.048383367978609426,True,
2,CC(=CC=O)CCC1CC1(C)C,integrated_gradients,12,0.256140350877193,0.66480841086461,0.7835052233475904,0.11869681248298047,True,0.1649122807017544
2,CC1OC(c2ccc3c(c2)OCO3)OC1C,attention,16,0.8168389955686853,0.867317729136523,0.8782377074746526,0.010919978338129521,False,
2,CC1OC(c2ccc3c(c2)OCO3)OC1C,integrated_gradients,16,-0.06942392909896603,0.8225210484336404,0.8782377074746526,0.055716659041012195,True,-0.15509601181683902
2,CC(=O)CC(C)(C)c1ccccc1,attention,13,0.9337016574585635,0.7866606712341309,0.8252347637500081,0.03857409251587729,True,
2,CC(=O)CC(C)(C)c1ccccc1,integrated_gradients,13,-0.12947658402203854,0.7523905166557857,0.8252347637500081,0.07284424709422244,True,-0.0937931926689534
2,CCOC(=O)CCc1ccccc1,attention,13,0.9050902647638,0.8083837372916085,0.8288050924028669,0.02042135511125842,False,
2,CCOC(=O)CCc1ccccc1,integrated_gradients,13,-0.6978021978021978,0.7802954316139221,0.8288050924028669,0.04850966078894481,True,0.07692307692307691
